Product,Variant,Price,Handle,Variant ID,Availability,SKU,Meta Description,Shipping Info,Care Guide,Product URL,Scraped at
Esprit - Towel Set,White,1795.0,esprit-towels-set-3pcs,45685065548067,True,672b95a27e13f,Make a statement with the Esprit towels set! This beautifully designed set is adorned with green leaves and crafted with premium 100% cotton for a soft feel against your skin. Get the perfect combination of style and comfort.  Set consists of 1 Bath towel 2 Hand towels,Shipping cost is based on weight. Just add products to your cart and use the Shipping Calculator to see the shipping price.,Washing Instructions: | Wash at 40 degrees | Do not use chlorine bleach | Do not tumble dry | Iron medium | Do not dry clean,https://hebalinens.com/products/esprit-towels-set-3pcs,2026/01/27 02:55:04 PM
Butterflies - Table Cloth,2.75 L x 1.8 W  with 8 Napkin / Cream,6245.0,table-cloth-batterflies,46344867905827,True,672b9451e57ce,"Brighten up your dining experience with the eye-catching Butterflies Table Cloth! With its captivating gold butterflies design, this table cloth will add a unique, stylish touch to your home decor.",Shipping cost is based on weight. Just add products to your cart and use the Shipping Calculator to see the shipping price.,Washing Instructions: | Wash at 40 degrees | Do not use chlorine bleach | Do not tumble dry | Iron medium | Do not dry clean,https://hebalinens.com/products/table-cloth-batterflies,2026/01/27 02:55:10 PM
Butterflies - Table Cloth,3.25 L x 1.8 W with 10 Napkin / Cream,7495.0,table-cloth-batterflies,46344867971363,False,672b9452b1858,"Brighten up your dining experience with the eye-catching Butterflies Table Cloth! With its captivating gold butterflies design, this table cloth will add a unique, stylish touch to your home decor.",Shipping cost is based on weight. Just add products to your cart and use the Shipping Calculator to see the shipping price.,Washing Instructions: | Wash at 40 degrees | Do not use chlorine bleach | Do not tumble dry | Iron medium | Do not dry clean,https://hebalinens.com/products/table-cloth-batterflies,2026/01/27 02:55:10 PM
Baby animals - Swaddle Towel sets,White,995.0,baby-animals-swaddle-towel-sets,46383232647459,False,672b9440b0b7a,"Soft and cuddly, this baby swaddle towel set will delight both your little one and you. Made with 100% cotton for superior absorbency, its adorable baby animal design will make your little one feel snug and secure. Perfect for bath time. Material: 100% cotton  Set consists of: 1 swaddle towel with hoodie size 100cm x 1",Shipping cost is based on weight. Just add products to your cart and use the Shipping Calculator to see the shipping price.,Washing Instructions: | Wash at 40 degrees | Do not use chlorine bleach | Do not tumble dry | Iron medium | Do not dry clean,https://hebalinens.com/products/baby-animals-swaddle-towel-sets,2026/01/27 02:55:12 PM
Baby animals - Swaddle Towel sets,Cream,995.0,baby-animals-swaddle-towel-sets,46383232712995,True,672b943fe31db,"Soft and cuddly, this baby swaddle towel set will delight both your little one and you. Made with 100% cotton for superior absorbency, its adorable baby animal design will make your little one feel snug and secure. Perfect for bath time. Material: 100% cotton  Set consists of: 1 swaddle towel with hoodie size 100cm x 1",Shipping cost is based on weight. Just add products to your cart and use the Shipping Calculator to see the shipping price.,Washing Instructions: | Wash at 40 degrees | Do not use chlorine bleach | Do not tumble dry | Iron medium | Do not dry clean,https://hebalinens.com/products/baby-animals-swaddle-towel-sets,2026/01/27 02:55:12 PM
Ballerina - Bath robe,4 years to 6 years / White,645.0,ballerina-bath-robe,46381868187939,True,672b943feffbe,"Introducing Ballerina, the perfect 100% cotton bath robe for any young child. Made with comfort and luxury in mind, Ballerina is sure to make your little one feel like a real ballerina, inspiring them to dance, twirl, and enjoy the everyday!",Shipping cost is based on weight. Just add products to your cart and use the Shipping Calculator to see the shipping price.,Washing Instructions: | Wash at 40 degrees | Do not use chlorine bleach | Do not tumble dry | Iron medium | Do not dry clean,https://hebalinens.com/products/ballerina-bath-robe,2026/01/27 02:55:15 PM
Ballerina - Bath robe,6 years to 8 years / White,945.0,ballerina-bath-robe,46381868253475,False,672b9440ad92d,"Introducing Ballerina, the perfect 100% cotton bath robe for any young child. Made with comfort and luxury in mind, Ballerina is sure to make your little one feel like a real ballerina, inspiring them to dance, twirl, and enjoy the everyday!",Shipping cost is based on weight. Just add products to your cart and use the Shipping Calculator to see the shipping price.,Washing Instructions: | Wash at 40 degrees | Do not use chlorine bleach | Do not tumble dry | Iron medium | Do not dry clean,https://hebalinens.com/products/ballerina-bath-robe,2026/01/27 02:55:15 PM
Paradise - Towel Set,White,2395.0,paradise-towel-set,46634747429155,True,672b9751155c8,"Indulge in the soft luxurious feel of Paradise towels! Made from premium cotton and embroidered with an eye-catching garden-inspired design, these beautiful towels are perfect for both everyday use and special occasions. Step into luxurious comfort and add a touch of paradise to your bathroom. Set consists of 1 Bath to",Shipping cost is based on weight. Just add products to your cart and use the Shipping Calculator to see the shipping price.,Washing Instructions: | Wash at 40 degrees | Do not use chlorine bleach | Do not tumble dry | Iron medium | Do not dry clean,https://hebalinens.com/products/paradise-towel-set,2026/01/27 02:55:17 PM
Calligraphy - Bath Mat Set,White,4295.0,calligraphy-bath-mat-set,46635615027491,False,672b9451e4a21,"Step onto the luxurious comfort of this Calligraphy Bath Mat Set and feel the rhythm of Om Kolthoum's beautiful lyrics. With its thick cushion and embroidery, you'll enjoy comfort and delight in every step. Relax and indulge in a luxurious bathing experience! Set consists of: 2 rectangular bathmats  2 rounded side bath",Shipping cost is based on weight. Just add products to your cart and use the Shipping Calculator to see the shipping price.,Washing Instructions: | Wash at 40 degrees | Do not use chlorine bleach | Do not tumble dry | Iron medium | Do not dry clean,https://hebalinens.com/products/calligraphy-bath-mat-set,2026/01/27 02:55:19 PM
Stone - Towel Set,White,1995.0,stone-towel-set-3pcs,45689367494947,False,672b97845fb7e,"Add a modern touch with this beautiful Stone - Towel Set. Top-of-the-line cotton towels embroidered with eye-catching geometric patterns. Durable and soft, these towels will keep you comfortable while elevating your home's style. Set consists of 1 Bath towel 2 Hand towels",Shipping cost is based on weight. Just add products to your cart and use the Shipping Calculator to see the shipping price.,Washing Instructions: | Wash at 40 degrees | Do not use chlorine bleach | Do not tumble dry | Iron medium | Do not dry clean,https://hebalinens.com/products/stone-towel-set-3pcs,2026/01/27 02:55:21 PM
Stone - Towel Set,Silver,1995.0,stone-towel-set-3pcs,45704144355619,False,672b9783ab949,"Add a modern touch with this beautiful Stone - Towel Set. Top-of-the-line cotton towels embroidered with eye-catching geometric patterns. Durable and soft, these towels will keep you comfortable while elevating your home's style. Set consists of 1 Bath towel 2 Hand towels",Shipping cost is based on weight. Just add products to your cart and use the Shipping Calculator to see the shipping price.,Washing Instructions: | Wash at 40 degrees | Do not use chlorine bleach | Do not tumble dry | Iron medium | Do not dry clean,https://hebalinens.com/products/stone-towel-set-3pcs,2026/01/27 02:55:21 PM
Calligraphy - Duvet set,King / White,14495.0,calligraphy-duvet-set,46336742719779,False,672b94526d860,"A beautiful tribute to the legendary singer Om Kolthoum, this Calligraphy duvet set is a representation of her timeless lyrics, made with 100% Fine Egyptian Giza Cotton and 600 TC Cotton Satin. You'll be touched by the sentiment and comforted by the quality. Set consists of: 1 embroidered duvet cover 2 embroidered pill",Shipping cost is based on weight. Just add products to your cart and use the Shipping Calculator to see the shipping price.,Washing Instructions: | Wash at 40 degrees | Do not use chlorine bleach | Do not tumble dry | Iron medium | Do not dry clean,https://hebalinens.com/products/calligraphy-duvet-set,2026/01/27 02:55:24 PM
Atraction - Pouch,Grey / 14 L X 18 W,495.0,atraction-pouch,54675384008995,True,,"This charming Pouch instantly adds a touch of style to your look! With its cute embroidered pattern, this pouch is perfect for carrying your everyday essentials while still looking stylish. A must-have for any fashion enthusiast!",Shipping cost is based on weight. Just add products to your cart and use the Shipping Calculator to see the shipping price.,Washing Instructions: | Wash at 40 degrees | Do not use chlorine bleach | Do not tumble dry | Iron medium | Do not dry clean,https://hebalinens.com/products/atraction-pouch,2026/01/27 02:55:27 PM
Catina - Towel Set,Cream,1995.0,catina-towel-set,46972020850979,True,672b945ae006a,"Experience the unique culture of Catina with this luxurious towel set! Crafted from 100% cotton terry, these towels are exceptionally soft and absorbent – perfect for use in the bath, kitchen, or beach. Experience luxury and comfort with Catina. Set consists of 1 Bath towel 2 Hand towels",Shipping cost is based on weight. Just add products to your cart and use the Shipping Calculator to see the shipping price.,Washing Instructions: | Wash at 40 degrees | Do not use chlorine bleach | Do not tumble dry | Iron medium | Do not dry clean,https://hebalinens.com/products/catina-towel-set,2026/01/27 02:55:31 PM
Catina - Towel Set,White,1995.0,catina-towel-set,46972020949283,True,672b945b977f6,"Experience the unique culture of Catina with this luxurious towel set! Crafted from 100% cotton terry, these towels are exceptionally soft and absorbent – perfect for use in the bath, kitchen, or beach. Experience luxury and comfort with Catina. Set consists of 1 Bath towel 2 Hand towels",Shipping cost is based on weight. Just add products to your cart and use the Shipping Calculator to see the shipping price.,Washing Instructions: | Wash at 40 degrees | Do not use chlorine bleach | Do not tumble dry | Iron medium | Do not dry clean,https://hebalinens.com/products/catina-towel-set,2026/01/27 02:55:31 PM
Branches Placemat,White,150.0,branches-placemat-set,46972723527971,True,672b944fe497a,,Shipping cost is based on weight. Just add products to your cart and use the Shipping Calculator to see the shipping price.,Washing Instructions: | Wash at 40 degrees | Do not use chlorine bleach | Do not tumble dry | Iron medium | Do not dry clean,https://hebalinens.com/products/branches-placemat-set,2026/01/27 02:55:35 PM
Flow - Towel Set,White,2195.0,flow-towels-set,46867430703395,False,672b95f9ce279,Experience the best of both worlds—the luxurious softness of 100% cotton and the elegant elegance of a simple classical embroidery—with our Flow - Towel Set. Reinvigorate yourself after a shower and feel an entirely new kind of comfort. Set consists of 1 Bath towel 2 Hand towels,Shipping cost is based on weight. Just add products to your cart and use the Shipping Calculator to see the shipping price.,Washing Instructions: | Wash at 40 degrees | Do not use chlorine bleach | Do not tumble dry | Iron medium | Do not dry clean,https://hebalinens.com/products/flow-towels-set,2026/01/27 02:55:39 PM
Flow - Towel Set,Grey,2195.0,flow-towels-set,46867430768931,False,672b95f9218be,Experience the best of both worlds—the luxurious softness of 100% cotton and the elegant elegance of a simple classical embroidery—with our Flow - Towel Set. Reinvigorate yourself after a shower and feel an entirely new kind of comfort. Set consists of 1 Bath towel 2 Hand towels,Shipping cost is based on weight. Just add products to your cart and use the Shipping Calculator to see the shipping price.,Washing Instructions: | Wash at 40 degrees | Do not use chlorine bleach | Do not tumble dry | Iron medium | Do not dry clean,https://hebalinens.com/products/flow-towels-set,2026/01/27 02:55:39 PM
Astronauts - Swaddle Towel sets,White,995.0,astronauts-swaddle-towel-sets,46383258698019,False,672b9440b801c,"Snuggle your little space explorer with our Astronauts Swaddle Towel sets! Super-absorbent and with an adorable astronaut design, our towels wrap your baby in luxurious comfort and security. Make memories of hugs and love each morning they wake up! Let your baby explore the universe in style! Material: 100% cotton  Set",Shipping cost is based on weight. Just add products to your cart and use the Shipping Calculator to see the shipping price.,Washing Instructions: | Wash at 40 degrees | Do not use chlorine bleach | Do not tumble dry | Iron medium | Do not dry clean,https://hebalinens.com/products/astronauts-swaddle-towel-sets,2026/01/27 02:55:41 PM
Astronauts - Swaddle Towel sets,Cream,995.0,astronauts-swaddle-towel-sets,46383258763555,True,672b943fec8b4,"Snuggle your little space explorer with our Astronauts Swaddle Towel sets! Super-absorbent and with an adorable astronaut design, our towels wrap your baby in luxurious comfort and security. Make memories of hugs and love each morning they wake up! Let your baby explore the universe in style! Material: 100% cotton  Set",Shipping cost is based on weight. Just add products to your cart and use the Shipping Calculator to see the shipping price.,Washing Instructions: | Wash at 40 degrees | Do not use chlorine bleach | Do not tumble dry | Iron medium | Do not dry clean,https://hebalinens.com/products/astronauts-swaddle-towel-sets,2026/01/27 02:55:41 PM
Bra and Underwear bag,White / 60 L X 40 W,395.0,bra-and-underwear-bag,46353877205283,True,672b944f4d8e4,Pack and travel in style with this designer Bra and Underwear bag. Keep your essentials organized and secure while you’re on the go.,Shipping cost is based on weight. Just add products to your cart and use the Shipping Calculator to see the shipping price.,Washing Instructions: | Wash at 40 degrees | Do not use chlorine bleach | Do not tumble dry | Iron medium | Do not dry clean,https://hebalinens.com/products/bra-and-underwear-bag,2026/01/27 02:55:44 PM
Boxer Underwear bag,White / 60 L X 40 W,395.0,boxer-underwear-bag,46353713201443,True,672b944ebfea1,Make your travels stylish and hassle-free with the Boxer Underwear bag!,Shipping cost is based on weight. Just add products to your cart and use the Shipping Calculator to see the shipping price.,Washing Instructions: | Wash at 40 degrees | Do not use chlorine bleach | Do not tumble dry | Iron medium | Do not dry clean,https://hebalinens.com/products/boxer-underwear-bag,2026/01/27 02:55:49 PM
Farashat - Bath Mat Set,White,2395.0,farashat-bathmat-set-2pcs,45686449307939,False,672b95c9b8b46,"Embellish your bathroom with this 100% cotton bathmat set, featuring beautiful golden butterflies. With its cushioned feel and graceful design, it's an ideal addition to your home, enhancing your comfort and style. Set consists of: 2 rectangular bathmats",Shipping cost is based on weight. Just add products to your cart and use the Shipping Calculator to see the shipping price.,Washing Instructions: | Wash at 40 degrees | Do not use chlorine bleach | Do not tumble dry | Iron medium | Do not dry clean,https://hebalinens.com/products/farashat-bathmat-set-2pcs,2026/01/27 02:55:54 PM
Farashat - Bath Mat Set,Cream,2395.0,farashat-bathmat-set-2pcs,45686449340707,False,672b95c90ae23,"Embellish your bathroom with this 100% cotton bathmat set, featuring beautiful golden butterflies. With its cushioned feel and graceful design, it's an ideal addition to your home, enhancing your comfort and style. Set consists of: 2 rectangular bathmats",Shipping cost is based on weight. Just add products to your cart and use the Shipping Calculator to see the shipping price.,Washing Instructions: | Wash at 40 degrees | Do not use chlorine bleach | Do not tumble dry | Iron medium | Do not dry clean,https://hebalinens.com/products/farashat-bathmat-set-2pcs,2026/01/27 02:55:54 PM
Ballerina - Duvet set,White,6395.0,ballerina-duvet-set,46381754384675,True,672b9442c140d,Let your dreams take flight with this Ballerina Duvet set! Soft and luxurious Egyptian cotton creates an ethereal haven fit for dancing the night away. Experience the comfort and beauty of your passion in the finest of materials. 100% fine Egyptian cotton 200TC Set consists of: 1 embroidered duvet cover 1 plain pillow,Shipping cost is based on weight. Just add products to your cart and use the Shipping Calculator to see the shipping price.,Washing Instructions: | Wash at 40 degrees | Do not use chlorine bleach | Do not tumble dry | Iron medium | Do not dry clean,https://hebalinens.com/products/ballerina-duvet-set,2026/01/27 02:56:01 PM
Calligraphy - Guest Towel Set,White,495.0,calligraphy-guest-set,46635670307107,False,672b9454bc781,"Elevate your home decor with this elegant guest set. Our luxurious, 100% cotton face towels are intricately embroidered with the beautiful lyrics of Om Kolthoum. Enhance your guests' experience with this exquisite piece! Set consists of: 3  face towels",Shipping cost is based on weight. Just add products to your cart and use the Shipping Calculator to see the shipping price.,Washing Instructions: | Wash at 40 degrees | Do not use chlorine bleach | Do not tumble dry | Iron medium | Do not dry clean,https://hebalinens.com/products/calligraphy-guest-set,2026/01/27 02:56:04 PM
Catina - Bath Mat Set,Cream,3995.0,catina-bath-mat-set,46971998798115,False,672b94598cf7b,"Experience a sumptuous bathing experience every time you step on the Catina Bath Mat Set. Crafted from 100% cotton terry towel, this luxe set is sure to add a touch of vibrant culture to your bathroom. Indulge in the soft, absorbent feel and make each bath positively luxurious. Set consists of: 2 rectangular bathmats",Shipping cost is based on weight. Just add products to your cart and use the Shipping Calculator to see the shipping price.,Washing Instructions: | Wash at 40 degrees | Do not use chlorine bleach | Do not tumble dry | Iron medium | Do not dry clean,https://hebalinens.com/products/catina-bath-mat-set,2026/01/27 02:56:10 PM
Catina - Bath Mat Set,White,3995.0,catina-bath-mat-set,46971998896419,False,672b945a409ed,"Experience a sumptuous bathing experience every time you step on the Catina Bath Mat Set. Crafted from 100% cotton terry towel, this luxe set is sure to add a touch of vibrant culture to your bathroom. Indulge in the soft, absorbent feel and make each bath positively luxurious. Set consists of: 2 rectangular bathmats",Shipping cost is based on weight. Just add products to your cart and use the Shipping Calculator to see the shipping price.,Washing Instructions: | Wash at 40 degrees | Do not use chlorine bleach | Do not tumble dry | Iron medium | Do not dry clean,https://hebalinens.com/products/catina-bath-mat-set,2026/01/27 02:56:10 PM
Croisee - Duvet Set,White*Khaki / King,8495.0,croisee-duvet-set,46971842167075,True,672b958923c75,"Sleep in luxurious comfort with Croisee's Duvet Set. Crafted from the finest Egyptian Giza Cotton Percale 200 TC and designed with croisse patterning, you'll drift off into a blissful sleep. Enjoy a restful night and wake up feeling refreshed and energized! Set consists of: 1 embroidered duvet cover 2 embroidered pillo",Shipping cost is based on weight. Just add products to your cart and use the Shipping Calculator to see the shipping price.,Washing Instructions: | Wash at 40 degrees | Do not use chlorine bleach | Do not tumble dry | Iron medium | Do not dry clean,https://hebalinens.com/products/croisee-duvet-set,2026/01/27 02:56:19 PM
Croisee - Duvet Set,White*Petroleum / King,8495.0,croisee-duvet-set,47005582819619,True,672b9589ef7af,"Sleep in luxurious comfort with Croisee's Duvet Set. Crafted from the finest Egyptian Giza Cotton Percale 200 TC and designed with croisse patterning, you'll drift off into a blissful sleep. Enjoy a restful night and wake up feeling refreshed and energized! Set consists of: 1 embroidered duvet cover 2 embroidered pillo",Shipping cost is based on weight. Just add products to your cart and use the Shipping Calculator to see the shipping price.,Washing Instructions: | Wash at 40 degrees | Do not use chlorine bleach | Do not tumble dry | Iron medium | Do not dry clean,https://hebalinens.com/products/croisee-duvet-set,2026/01/27 02:56:19 PM
Catina - Duvet Set,King / Cream,7995.0,catina-duvet-set,46971939029283,True,672b94599c9ab,Snuggle up in luxury with Catina's Duvet Set. Our Catina bedding is crafted with 100% Fine Egyptian Giza Cotton Percale for a silky-soft feel that will make you drift off into a peaceful sleep. Experience heavenly comfort with Catina's 200 TC fabric and make your bedroom a relaxing haven. Set consists of: 1 embroidered,Shipping cost is based on weight. Just add products to your cart and use the Shipping Calculator to see the shipping price.,Washing Instructions: | Wash at 40 degrees | Do not use chlorine bleach | Do not tumble dry | Iron medium | Do not dry clean,https://hebalinens.com/products/catina-duvet-set,2026/01/27 02:56:22 PM
Catina - Duvet Set,King / White,7995.0,catina-duvet-set,46971939127587,False,672b945a57afe,Snuggle up in luxury with Catina's Duvet Set. Our Catina bedding is crafted with 100% Fine Egyptian Giza Cotton Percale for a silky-soft feel that will make you drift off into a peaceful sleep. Experience heavenly comfort with Catina's 200 TC fabric and make your bedroom a relaxing haven. Set consists of: 1 embroidered,Shipping cost is based on weight. Just add products to your cart and use the Shipping Calculator to see the shipping price.,Washing Instructions: | Wash at 40 degrees | Do not use chlorine bleach | Do not tumble dry | Iron medium | Do not dry clean,https://hebalinens.com/products/catina-duvet-set,2026/01/27 02:56:22 PM
Calligraphy - Kaftan,Cream,5995.0,calligraphy-kaftan,53340132475171,True,672b959649f5a,"Experience the beauty of calligraphy with our Kaftan! Made with 100% cotton, this kaftan features a traditional calligraphy design. Stay comfortable and stylish with this unique garment.",Shipping cost is based on weight. Just add products to your cart and use the Shipping Calculator to see the shipping price.,Washing Instructions: | Wash at 40 degrees | Do not use chlorine bleach | Do not tumble dry | Iron medium | Do not dry clean,https://hebalinens.com/products/calligraphy-kaftan,2026/01/27 02:56:25 PM
Calligraphy - Sheet set,King / White,11495.0,calligraphy-sheet-set,46336763724067,False,672b9454d28d8,"Feel inspired with our luxurious Calligraphy Sheet set, crafted with 100% fine Egyptian Giza Cotton and 600TC Satin. The beautiful lyrics serve as a tribute to Om Kolthoum, creating a wonderful atmosphere as you drift off to sleep. Quality bedding for truly exceptional nights! Set consists of: 1 embroidered top sheet 2",Shipping cost is based on weight. Just add products to your cart and use the Shipping Calculator to see the shipping price.,Washing Instructions: | Wash at 40 degrees | Do not use chlorine bleach | Do not tumble dry | Iron medium | Do not dry clean,https://hebalinens.com/products/calligraphy-sheet-set,2026/01/27 02:56:28 PM
Cherry - Table Cloth,2.75 L x 1.8 W  with 8 Napkin / White,16295.0,table-cloth-cherry,46344833761571,False,672b945be09d6,"Elevate your dining experience with the Cherry - Table Cloth! Adorned with elegant little flowers, this premium 100% linen table cloth will bring beauty and grace to any setting. Enjoy a luxurious table presentation that will impress your guests!",Shipping cost is based on weight. Just add products to your cart and use the Shipping Calculator to see the shipping price.,Washing Instructions: | Wash at 40 degrees | Do not use chlorine bleach | Do not tumble dry | Iron medium | Do not dry clean,https://hebalinens.com/products/table-cloth-cherry,2026/01/27 02:56:30 PM
Cherry - Table Cloth,2.75 L x 1.8 W  with 8 Napkin / Cream,16295.0,table-cloth-cherry,46344833794339,True,672b945b1cd25,"Elevate your dining experience with the Cherry - Table Cloth! Adorned with elegant little flowers, this premium 100% linen table cloth will bring beauty and grace to any setting. Enjoy a luxurious table presentation that will impress your guests!",Shipping cost is based on weight. Just add products to your cart and use the Shipping Calculator to see the shipping price.,Washing Instructions: | Wash at 40 degrees | Do not use chlorine bleach | Do not tumble dry | Iron medium | Do not dry clean,https://hebalinens.com/products/table-cloth-cherry,2026/01/27 02:56:30 PM
Cherry - Table Cloth,3.25 L x 1.8 W with 10 Napkin / White,19495.0,table-cloth-cherry,46344833827107,True,672b945d58e02,"Elevate your dining experience with the Cherry - Table Cloth! Adorned with elegant little flowers, this premium 100% linen table cloth will bring beauty and grace to any setting. Enjoy a luxurious table presentation that will impress your guests!",Shipping cost is based on weight. Just add products to your cart and use the Shipping Calculator to see the shipping price.,Washing Instructions: | Wash at 40 degrees | Do not use chlorine bleach | Do not tumble dry | Iron medium | Do not dry clean,https://hebalinens.com/products/table-cloth-cherry,2026/01/27 02:56:30 PM
Cherry - Table Cloth,3.25 L x 1.8 W with 10 Napkin / Cream,19495.0,table-cloth-cherry,46344833859875,True,672b945ca81af,"Elevate your dining experience with the Cherry - Table Cloth! Adorned with elegant little flowers, this premium 100% linen table cloth will bring beauty and grace to any setting. Enjoy a luxurious table presentation that will impress your guests!",Shipping cost is based on weight. Just add products to your cart and use the Shipping Calculator to see the shipping price.,Washing Instructions: | Wash at 40 degrees | Do not use chlorine bleach | Do not tumble dry | Iron medium | Do not dry clean,https://hebalinens.com/products/table-cloth-cherry,2026/01/27 02:56:30 PM
Cover Quran,Default Title,0.0,cover-quran,54675642548515,False,,,Shipping cost is based on weight. Just add products to your cart and use the Shipping Calculator to see the shipping price.,Washing Instructions: | Wash at 40 degrees | Do not use chlorine bleach | Do not tumble dry | Iron medium | Do not dry clean,https://hebalinens.com/products/cover-quran,2026/01/27 02:56:32 PM
Colon Underwear bag,White / 60 L X 40 W,395.0,colon-underwear-bag,46881117896995,True,672b958895303,,Shipping cost is based on weight. Just add products to your cart and use the Shipping Calculator to see the shipping price.,Washing Instructions: | Wash at 40 degrees | Do not use chlorine bleach | Do not tumble dry | Iron medium | Do not dry clean,https://hebalinens.com/products/colon-underwear-bag,2026/01/27 02:56:35 PM
Croisee - Sheet Set,White*Khaki / King,6495.0,croisee-sheet-set,46971874017571,True,672b958a6da2a,"Discover the luxury and comfort of the Croisee Sheet Set! Crafted with 100% fine Egyptian Giza Cotton Satin 600 TC, it provides superior breathability and softness with an irresistibly smooth feel. Add an exquisite touch to your bedding experience and enjoy a perfect night's sleep! Set consists of: 1 embroidered top sh",Shipping cost is based on weight. Just add products to your cart and use the Shipping Calculator to see the shipping price.,Washing Instructions: | Wash at 40 degrees | Do not use chlorine bleach | Do not tumble dry | Iron medium | Do not dry clean,https://hebalinens.com/products/croisee-sheet-set,2026/01/27 02:56:37 PM
Croisee - Sheet Set,White*petroleum / King,6495.0,croisee-sheet-set,47005579870499,True,672b958b35baf,"Discover the luxury and comfort of the Croisee Sheet Set! Crafted with 100% fine Egyptian Giza Cotton Satin 600 TC, it provides superior breathability and softness with an irresistibly smooth feel. Add an exquisite touch to your bedding experience and enjoy a perfect night's sleep! Set consists of: 1 embroidered top sh",Shipping cost is based on weight. Just add products to your cart and use the Shipping Calculator to see the shipping price.,Washing Instructions: | Wash at 40 degrees | Do not use chlorine bleach | Do not tumble dry | Iron medium | Do not dry clean,https://hebalinens.com/products/croisee-sheet-set,2026/01/27 02:56:37 PM
Catina - Sheet Set,King / Cream,6295.0,catina-sheet-set,46971974746403,True,672b945aeb17e,"Step into luxury with Catina - the unique, culture-infused bedding! Crafted using only the softest 100% Fine Egyptian Giza Cotton Percale with 200 TC, this sheet set will make every night feel like a dream. Enjoy a touch of class with Catina! Set consists of: 1 embroidered top sheet 2 embroidered pillow cases 2 plain p",Shipping cost is based on weight. Just add products to your cart and use the Shipping Calculator to see the shipping price.,Washing Instructions: | Wash at 40 degrees | Do not use chlorine bleach | Do not tumble dry | Iron medium | Do not dry clean,https://hebalinens.com/products/catina-sheet-set,2026/01/27 02:56:39 PM
Catina - Sheet Set,King / White,6295.0,catina-sheet-set,46971974811939,True,672b945ba9bdf,"Step into luxury with Catina - the unique, culture-infused bedding! Crafted using only the softest 100% Fine Egyptian Giza Cotton Percale with 200 TC, this sheet set will make every night feel like a dream. Enjoy a touch of class with Catina! Set consists of: 1 embroidered top sheet 2 embroidered pillow cases 2 plain p",Shipping cost is based on weight. Just add products to your cart and use the Shipping Calculator to see the shipping price.,Washing Instructions: | Wash at 40 degrees | Do not use chlorine bleach | Do not tumble dry | Iron medium | Do not dry clean,https://hebalinens.com/products/catina-sheet-set,2026/01/27 02:56:39 PM
Calligraphy - Towel Set,White,2195.0,calligraphy-towel-set,46635648418083,False,672b9457c9bbf,"Express your unique style with these 100% cotton towels, embroidered with the lyrics of the iconic Om Kolthoum. Soft and absorbent, this set makes a luxurious addition to your home and an unforgettable gift for loved ones. Embrace culture and beauty with this beautiful Calligraphy Towel Set! Set consists of 1 Bath towe",Shipping cost is based on weight. Just add products to your cart and use the Shipping Calculator to see the shipping price.,Washing Instructions: | Wash at 40 degrees | Do not use chlorine bleach | Do not tumble dry | Iron medium | Do not dry clean,https://hebalinens.com/products/calligraphy-towel-set,2026/01/27 02:56:42 PM
Croisse - Bath Mat Set,White*Khaki,4295.0,croisse-bath-mat-set,46867849150755,True,672b958a677f9,"Experience luxury and comfort with Croisse's Bath Mat Set. These soft and absorbent 100% cotton mats provide a spa-like experience. With a lightly padded layer and stylish minimalistic embroidery, you'll enjoy a cozy, clean, and calming bathroom retreat. Set consists of: 2 rectangular bathmats  2 rounded side bathmats",Shipping cost is based on weight. Just add products to your cart and use the Shipping Calculator to see the shipping price.,Washing Instructions: | Wash at 40 degrees | Do not use chlorine bleach | Do not tumble dry | Iron medium | Do not dry clean,https://hebalinens.com/products/croisse-bath-mat-set,2026/01/27 02:56:45 PM
Croisse - Bath Mat Set,White*Petroleum,4295.0,croisse-bath-mat-set,46867849183523,True,672b958b292d6,"Experience luxury and comfort with Croisse's Bath Mat Set. These soft and absorbent 100% cotton mats provide a spa-like experience. With a lightly padded layer and stylish minimalistic embroidery, you'll enjoy a cozy, clean, and calming bathroom retreat. Set consists of: 2 rectangular bathmats  2 rounded side bathmats",Shipping cost is based on weight. Just add products to your cart and use the Shipping Calculator to see the shipping price.,Washing Instructions: | Wash at 40 degrees | Do not use chlorine bleach | Do not tumble dry | Iron medium | Do not dry clean,https://hebalinens.com/products/croisse-bath-mat-set,2026/01/27 02:56:45 PM
Darawesh - Kaftan,Cream,3495.0,darawesh-kaftan,46881198375203,True,672b959649f5a,"Discover the unique beauty of Darawesh with this stunning kaftan! With the highest quality Cotton, the traditional look expresses an authentic and local heritage that is centuries old. Experience the wonder of Darawesh with every wear!",Shipping cost is based on weight. Just add products to your cart and use the Shipping Calculator to see the shipping price.,Washing Instructions: | Wash at 40 degrees | Do not use chlorine bleach | Do not tumble dry | Iron medium | Do not dry clean,https://hebalinens.com/products/darawesh-kaftan,2026/01/27 02:56:48 PM
Effect - Slipper,White,395.0,effect-slippers,46871250960675,False,672b959e6c198,"Treat your feet to luxurious comfort with our Effect Slippers. Crafted in 100% cotton terry towel, these slippers are ultra-soft and perfect for after-bath relaxation. Experience the cozy feeling of relaxation every day!",Shipping cost is based on weight. Just add products to your cart and use the Shipping Calculator to see the shipping price.,Washing Instructions: | Wash at 40 degrees | Do not use chlorine bleach | Do not tumble dry | Iron medium | Do not dry clean,https://hebalinens.com/products/effect-slippers,2026/01/27 02:56:50 PM
Effect - Slipper,Cream,395.0,effect-slippers,46871251026211,True,672b959da017d,"Treat your feet to luxurious comfort with our Effect Slippers. Crafted in 100% cotton terry towel, these slippers are ultra-soft and perfect for after-bath relaxation. Experience the cozy feeling of relaxation every day!",Shipping cost is based on weight. Just add products to your cart and use the Shipping Calculator to see the shipping price.,Washing Instructions: | Wash at 40 degrees | Do not use chlorine bleach | Do not tumble dry | Iron medium | Do not dry clean,https://hebalinens.com/products/effect-slippers,2026/01/27 02:56:50 PM
Effect - Sheet set,King / White,10995.0,effect-sheet-set,46329358319907,False,672b959d292ea,"Experience unparalleled comfort with the Effect Sheet Set. Crafted with 100% fine Egyptian Giza cotton 600TC for an ultra-soft and luxurious feel, its minimalistic modern design adds a touch of refined elegance to your bedroom décor. Create the perfect sleeping space! Set consists of: 1 embroidered top sheet 2 embroide",Shipping cost is based on weight. Just add products to your cart and use the Shipping Calculator to see the shipping price.,Washing Instructions: | Wash at 40 degrees | Do not use chlorine bleach | Do not tumble dry | Iron medium | Do not dry clean,https://hebalinens.com/products/effect-sheet-set,2026/01/27 02:56:54 PM
Effect - Sheet set,King / Silver,10995.0,effect-sheet-set,46339606446371,True,672b959c6d0fd,"Experience unparalleled comfort with the Effect Sheet Set. Crafted with 100% fine Egyptian Giza cotton 600TC for an ultra-soft and luxurious feel, its minimalistic modern design adds a touch of refined elegance to your bedroom décor. Create the perfect sleeping space! Set consists of: 1 embroidered top sheet 2 embroide",Shipping cost is based on weight. Just add products to your cart and use the Shipping Calculator to see the shipping price.,Washing Instructions: | Wash at 40 degrees | Do not use chlorine bleach | Do not tumble dry | Iron medium | Do not dry clean,https://hebalinens.com/products/effect-sheet-set,2026/01/27 02:56:54 PM
Effect - Duvet set,King / White,13995.0,effect-duvet-set,46329345900835,False,672b959aa4c2e,"Experience luxury and comfort in your sleep with the Effect Duvet set! Crafted with 100% fine Egyptian Giza cotton 600TC, this minimalistic set will provide a soothing night's rest. Lose yourself in softness and sophistication, and wake up feeling refreshed and relaxed. Set consists of: 1 embroidered duvet cover 2 embr",Shipping cost is based on weight. Just add products to your cart and use the Shipping Calculator to see the shipping price.,Washing Instructions: | Wash at 40 degrees | Do not use chlorine bleach | Do not tumble dry | Iron medium | Do not dry clean,https://hebalinens.com/products/effect-duvet-set,2026/01/27 02:56:59 PM
Effect - Duvet set,King / Silver,13995.0,effect-duvet-set,46339610738979,False,672b9599ded1c,"Experience luxury and comfort in your sleep with the Effect Duvet set! Crafted with 100% fine Egyptian Giza cotton 600TC, this minimalistic set will provide a soothing night's rest. Lose yourself in softness and sophistication, and wake up feeling refreshed and relaxed. Set consists of: 1 embroidered duvet cover 2 embr",Shipping cost is based on weight. Just add products to your cart and use the Shipping Calculator to see the shipping price.,Washing Instructions: | Wash at 40 degrees | Do not use chlorine bleach | Do not tumble dry | Iron medium | Do not dry clean,https://hebalinens.com/products/effect-duvet-set,2026/01/27 02:56:59 PM
Effect - Bath Mat Set,White,3995.0,effect-bathmat-set,46336987463971,True,672b95972def1,"Featuring minimalistic small crosses, this set is crafted from 100% cotton towels with soft padding for long-lasting comfort. Refresh your bathroom with this unique, eye-catching design and enjoy the sumptuous softness under your feet! Set consists of: 2 rectangular bathmats  2 rounded side bathmats",Shipping cost is based on weight. Just add products to your cart and use the Shipping Calculator to see the shipping price.,Washing Instructions: | Wash at 40 degrees | Do not use chlorine bleach | Do not tumble dry | Iron medium | Do not dry clean,https://hebalinens.com/products/effect-bathmat-set,2026/01/27 02:57:02 PM
Effect - Bath Mat Set,Silver,3995.0,effect-bathmat-set,46339612377379,True,672b9596703af,"Featuring minimalistic small crosses, this set is crafted from 100% cotton towels with soft padding for long-lasting comfort. Refresh your bathroom with this unique, eye-catching design and enjoy the sumptuous softness under your feet! Set consists of: 2 rectangular bathmats  2 rounded side bathmats",Shipping cost is based on weight. Just add products to your cart and use the Shipping Calculator to see the shipping price.,Washing Instructions: | Wash at 40 degrees | Do not use chlorine bleach | Do not tumble dry | Iron medium | Do not dry clean,https://hebalinens.com/products/effect-bathmat-set,2026/01/27 02:57:02 PM
Croisse - Guest Towel Set,White x Khaki,495.0,croisse-guest-towel-set,47067711897891,True,672b958d77fde,"Dive deep into luxury with the Croisse Guest Towel Set! Crafted with 100% cotton terry cloth, these towels bring a touch of culture to your bath. Pamper guests with the exemplary softness and absorbency of this high-quality set. Enjoy a luxurious spa experience at home!   Guest Towel Set consists of: 3  face towels",Shipping cost is based on weight. Just add products to your cart and use the Shipping Calculator to see the shipping price.,Washing Instructions: | Wash at 40 degrees | Do not use chlorine bleach | Do not tumble dry | Iron medium | Do not dry clean,https://hebalinens.com/products/croisse-guest-towel-set,2026/01/27 02:57:04 PM
Croisse - Guest Towel Set,White x Petroleum,495.0,croisse-guest-towel-set,47067711930659,False,672b958e3d5a7,"Dive deep into luxury with the Croisse Guest Towel Set! Crafted with 100% cotton terry cloth, these towels bring a touch of culture to your bath. Pamper guests with the exemplary softness and absorbency of this high-quality set. Enjoy a luxurious spa experience at home!   Guest Towel Set consists of: 3  face towels",Shipping cost is based on weight. Just add products to your cart and use the Shipping Calculator to see the shipping price.,Washing Instructions: | Wash at 40 degrees | Do not use chlorine bleach | Do not tumble dry | Iron medium | Do not dry clean,https://hebalinens.com/products/croisse-guest-towel-set,2026/01/27 02:57:04 PM
Esprit - Bath Mat Set,White,2395.0,esprit-bathmat-set-2pcs,45685095366947,True,672b959f6f180,"Experience luxury and comfort with the Esprit bathmat set. Its unique design, with shades of green leaves, will bring a touch of greenery into your bathroom. Crafted from soft cotton towel and with padded backing, it ensures the highest level of comfort for your feet. Enjoy spa-like indulgence in the comfort of your ow",Shipping cost is based on weight. Just add products to your cart and use the Shipping Calculator to see the shipping price.,Washing Instructions: | Wash at 40 degrees | Do not use chlorine bleach | Do not tumble dry | Iron medium | Do not dry clean,https://hebalinens.com/products/esprit-bathmat-set-2pcs,2026/01/27 02:57:07 PM
Effect - Towel Set,White,1995.0,effect-towel-set,46336937394467,True,672b959fa9cfc,"Experience the modern sophistication of Effect Towel Set. Our minimalistic design is crafted with 100% cotton, perfect for dry comfort and luxuriously soft touch. Refresh your bathroom with our towel set and feel the difference! Set consists of 1 Bath towel 2 Hand towels",Shipping cost is based on weight. Just add products to your cart and use the Shipping Calculator to see the shipping price.,Washing Instructions: | Wash at 40 degrees | Do not use chlorine bleach | Do not tumble dry | Iron medium | Do not dry clean,https://hebalinens.com/products/effect-towel-set,2026/01/27 02:57:09 PM
Effect - Towel Set,Silver,1995.0,effect-towel-set,46339606085923,True,672b959ef2973,"Experience the modern sophistication of Effect Towel Set. Our minimalistic design is crafted with 100% cotton, perfect for dry comfort and luxuriously soft touch. Refresh your bathroom with our towel set and feel the difference! Set consists of 1 Bath towel 2 Hand towels",Shipping cost is based on weight. Just add products to your cart and use the Shipping Calculator to see the shipping price.,Washing Instructions: | Wash at 40 degrees | Do not use chlorine bleach | Do not tumble dry | Iron medium | Do not dry clean,https://hebalinens.com/products/effect-towel-set,2026/01/27 02:57:09 PM
Effect - Bath robe,White / Fits up to large,3245.0,effect-bath-robe,47068001403171,False,672b959a18e11,Luxury and comfort combine in Effect bath robe made with plush 100% cotton terry towels. Wrap yourself in cozy warmth after a relaxing bath or shower. Indulge yourself with softness and style. Enjoy the luxury!,Shipping cost is based on weight. Just add products to your cart and use the Shipping Calculator to see the shipping price.,Washing Instructions: | Wash at 40 degrees | Do not use chlorine bleach | Do not tumble dry | Iron medium | Do not dry clean,https://hebalinens.com/products/effect-bath-robe,2026/01/27 02:57:11 PM
Effect - Bath robe,Cream / Fits up to large,3245.0,effect-bath-robe,47068001435939,True,672b95995a516,Luxury and comfort combine in Effect bath robe made with plush 100% cotton terry towels. Wrap yourself in cozy warmth after a relaxing bath or shower. Indulge yourself with softness and style. Enjoy the luxury!,Shipping cost is based on weight. Just add products to your cart and use the Shipping Calculator to see the shipping price.,Washing Instructions: | Wash at 40 degrees | Do not use chlorine bleach | Do not tumble dry | Iron medium | Do not dry clean,https://hebalinens.com/products/effect-bath-robe,2026/01/27 02:57:11 PM
Croisse - Towel Set,White*Khaki,2195.0,croisse-towel-set,46867856458019,True,672b959075460,"Soft and luxurious, the Croisse Towel Set is crafted with 100% cotton for a plush feel. Perfect for a spa-like experience, the set is finished with minimal embroidery for a touch of sophistication. Enjoy a luxurious bath time with this delightful towel set. Set consists of 1 Bath towel 2 Hand towels",Shipping cost is based on weight. Just add products to your cart and use the Shipping Calculator to see the shipping price.,Washing Instructions: | Wash at 40 degrees | Do not use chlorine bleach | Do not tumble dry | Iron medium | Do not dry clean,https://hebalinens.com/products/croisse-towel-set,2026/01/27 02:57:14 PM
Croisse - Towel Set,White*Petroleum,2195.0,croisse-towel-set,46867856687395,True,672b95914201d,"Soft and luxurious, the Croisse Towel Set is crafted with 100% cotton for a plush feel. Perfect for a spa-like experience, the set is finished with minimal embroidery for a touch of sophistication. Enjoy a luxurious bath time with this delightful towel set. Set consists of 1 Bath towel 2 Hand towels",Shipping cost is based on weight. Just add products to your cart and use the Shipping Calculator to see the shipping price.,Washing Instructions: | Wash at 40 degrees | Do not use chlorine bleach | Do not tumble dry | Iron medium | Do not dry clean,https://hebalinens.com/products/croisse-towel-set,2026/01/27 02:57:14 PM
Effect - Guest Towel Set,White,450.0,effect-guest-towel-set,47067720089891,True,672b959b6665c,"This beautiful guest towel set is the perfect bath accessory to take your space to the next level. Crafted from 100% cotton, Effect provides a luxurious, contemporary feel to your space. Pamper your guests with the ultimate softness and sophistication. Make a statement with Effect today!   Guest Towels Set consists of:",Shipping cost is based on weight. Just add products to your cart and use the Shipping Calculator to see the shipping price.,Washing Instructions: | Wash at 40 degrees | Do not use chlorine bleach | Do not tumble dry | Iron medium | Do not dry clean,https://hebalinens.com/products/effect-guest-towel-set,2026/01/27 02:57:17 PM
Effect - Guest Towel Set,Silver,450.0,effect-guest-towel-set,47067720122659,False,672b959aa1102,"This beautiful guest towel set is the perfect bath accessory to take your space to the next level. Crafted from 100% cotton, Effect provides a luxurious, contemporary feel to your space. Pamper your guests with the ultimate softness and sophistication. Make a statement with Effect today!   Guest Towels Set consists of:",Shipping cost is based on weight. Just add products to your cart and use the Shipping Calculator to see the shipping price.,Washing Instructions: | Wash at 40 degrees | Do not use chlorine bleach | Do not tumble dry | Iron medium | Do not dry clean,https://hebalinens.com/products/effect-guest-towel-set,2026/01/27 02:57:17 PM
Farashat - Guest Towel Set,White,480.0,farashat-guest-towel-set,47052814745891,True,672b95cb63556,Introducing Farashat's luxurious guest towel set. This collection of terry towels is made of 100% cotton for ultimate softness and comfort. Wrap yourself in its goodness and feel the coziness with every touch of these sumptuous towels. Experience the luxury of Farashat today.   Guest Towel Set consists of: 3  face towe,Shipping cost is based on weight. Just add products to your cart and use the Shipping Calculator to see the shipping price.,Washing Instructions: | Wash at 40 degrees | Do not use chlorine bleach | Do not tumble dry | Iron medium | Do not dry clean,https://hebalinens.com/products/farashat-guest-towel-set,2026/01/27 02:57:21 PM
Farashat - Guest Towel Set,Cream,480.0,farashat-guest-towel-set,47067664351523,True,672b95ca8f539,Introducing Farashat's luxurious guest towel set. This collection of terry towels is made of 100% cotton for ultimate softness and comfort. Wrap yourself in its goodness and feel the coziness with every touch of these sumptuous towels. Experience the luxury of Farashat today.   Guest Towel Set consists of: 3  face towe,Shipping cost is based on weight. Just add products to your cart and use the Shipping Calculator to see the shipping price.,Washing Instructions: | Wash at 40 degrees | Do not use chlorine bleach | Do not tumble dry | Iron medium | Do not dry clean,https://hebalinens.com/products/farashat-guest-towel-set,2026/01/27 02:57:21 PM
Farashat - Towel Set,White,1795.0,farashat-towels-set-3pcs,45686430630179,False,672b95cedc178,"Wrap yourself in luxury with Farashat's exquisite towel set! Made with 100% cotton, each towel in this sumptuous set features beautiful golden butterfly embroidery. Soft yet absorbent, these towels will bring an air of sophistication to your home.  Set consists of 1 Bath towel 2 Hand towels",Shipping cost is based on weight. Just add products to your cart and use the Shipping Calculator to see the shipping price.,Washing Instructions: | Wash at 40 degrees | Do not use chlorine bleach | Do not tumble dry | Iron medium | Do not dry clean,https://hebalinens.com/products/farashat-towels-set-3pcs,2026/01/27 02:57:24 PM
Farashat - Towel Set,Cream,1795.0,farashat-towels-set-3pcs,45686430662947,True,672b95ce287db,"Wrap yourself in luxury with Farashat's exquisite towel set! Made with 100% cotton, each towel in this sumptuous set features beautiful golden butterfly embroidery. Soft yet absorbent, these towels will bring an air of sophistication to your home.  Set consists of 1 Bath towel 2 Hand towels",Shipping cost is based on weight. Just add products to your cart and use the Shipping Calculator to see the shipping price.,Washing Instructions: | Wash at 40 degrees | Do not use chlorine bleach | Do not tumble dry | Iron medium | Do not dry clean,https://hebalinens.com/products/farashat-towels-set-3pcs,2026/01/27 02:57:24 PM
Feather - Bath Mat Set,White x Khaki,2395.0,feather-bath-mat-set,46636062179619,True,672b95cf40c02,"Give your bathroom a boho chic look with Feather - Bath Mat Set. Our soft, cotton mats are padded for maximum comfort and feature beautiful embroidered feathers that will bring a touch of elegance to every step. Set consists of: 2 rectangular bath mats",Shipping cost is based on weight. Just add products to your cart and use the Shipping Calculator to see the shipping price.,Washing Instructions: | Wash at 40 degrees | Do not use chlorine bleach | Do not tumble dry | Iron medium | Do not dry clean,https://hebalinens.com/products/feather-bath-mat-set,2026/01/27 02:57:26 PM
Feather - Bath Mat Set,Cream x Khaki,2395.0,feather-bath-mat-set,51112373911843,False,,"Give your bathroom a boho chic look with Feather - Bath Mat Set. Our soft, cotton mats are padded for maximum comfort and feature beautiful embroidered feathers that will bring a touch of elegance to every step. Set consists of: 2 rectangular bath mats",Shipping cost is based on weight. Just add products to your cart and use the Shipping Calculator to see the shipping price.,Washing Instructions: | Wash at 40 degrees | Do not use chlorine bleach | Do not tumble dry | Iron medium | Do not dry clean,https://hebalinens.com/products/feather-bath-mat-set,2026/01/27 02:57:26 PM
Esprit - Sheet set,White / King,4495.0,esprit-sheet-set-6pcs,45666312814883,True,672b95a00dcda,"Fall into sweet dreams surrounded by the Esprit Sheet Set. Crafted with a design inspired by nature, the Esprit features lush leaves in shades of green that will bring a tranquil springtime feel into your bedroom. Enjoy a serene and peaceful sleep each night! Set consists of: 1 embroidered top sheet 2 embroidered pillo",Shipping cost is based on weight. Just add products to your cart and use the Shipping Calculator to see the shipping price.,Washing Instructions: | Wash at 40 degrees | Do not use chlorine bleach | Do not tumble dry | Iron medium | Do not dry clean,https://hebalinens.com/products/esprit-sheet-set-6pcs,2026/01/27 02:57:33 PM
Esprit - Guest Towel Set,White,480.0,esprit-guest-towel-set,47052809601315,True,672b95a0e113a,"Experience luxury with Esprit's plush guest towel set. Made with 100% cotton terry, these soft and comfortable towels are perfect for everyday use. Pamper your guests while adding an elegant touch to any bathroom decor.   Guest Towel Set consists of: 3  face towels",Shipping cost is based on weight. Just add products to your cart and use the Shipping Calculator to see the shipping price.,Washing Instructions: | Wash at 40 degrees | Do not use chlorine bleach | Do not tumble dry | Iron medium | Do not dry clean,https://hebalinens.com/products/esprit-guest-towel-set,2026/01/27 02:57:38 PM
Feather - Duvet Set,King / White x Khaki,6995.0,feather-duvet-set,46635995726115,True,672b95cfea410,"Experience comfort with our Feather Duvet Set: breathable cotton, delicately embroidered with boho chic feathers. Drift off to dreamland in style and comfort for a blissful night of sleep. Set consists of: 1 embroidered duvet cover 2 embroidered pillow cases 2 plain pillow cases 1 flat sheet",Shipping cost is based on weight. Just add products to your cart and use the Shipping Calculator to see the shipping price.,Washing Instructions: | Wash at 40 degrees | Do not use chlorine bleach | Do not tumble dry | Iron medium | Do not dry clean,https://hebalinens.com/products/feather-duvet-set,2026/01/27 02:57:41 PM
Feather - Duvet Set,King / Cream x Khaki,6995.0,feather-duvet-set,51475849150755,True,,"Experience comfort with our Feather Duvet Set: breathable cotton, delicately embroidered with boho chic feathers. Drift off to dreamland in style and comfort for a blissful night of sleep. Set consists of: 1 embroidered duvet cover 2 embroidered pillow cases 2 plain pillow cases 1 flat sheet",Shipping cost is based on weight. Just add products to your cart and use the Shipping Calculator to see the shipping price.,Washing Instructions: | Wash at 40 degrees | Do not use chlorine bleach | Do not tumble dry | Iron medium | Do not dry clean,https://hebalinens.com/products/feather-duvet-set,2026/01/27 02:57:41 PM
Esprit - Duvet set,White / King,5695.0,esprit,45665169244451,True,672b959f836c5,"Wrapped in Esprit duvet set, you'll be enveloped in the beauty of nature. Its design features beautiful leaves in shades of green, providing a calming and relaxing atmosphere in your bedroom.  Set consists of: 1 embroidered duvet cover 2 embroidered pillow cases 2 plain pillow cases 1 flat sheet",Shipping cost is based on weight. Just add products to your cart and use the Shipping Calculator to see the shipping price.,Washing Instructions: | Wash at 40 degrees | Do not use chlorine bleach | Do not tumble dry | Iron medium | Do not dry clean,https://hebalinens.com/products/esprit,2026/01/27 02:57:43 PM
Farashat - Duvet set,White / King,6995.0,farashat,45343690948899,True,672b95ca7fb79,"Dreamy and sweet, the Farashat Duvet Set features beautiful golden butterflies on soft 100% cotton fabric. Enjoy a restful sleep surrounded by the exquisitely detailed butterflies and feel pampered by the breathable and comfortable fabric.  Set consists of: 1 embroidered duvet cover 2 embroidered pillow cases 2 plain p",Shipping cost is based on weight. Just add products to your cart and use the Shipping Calculator to see the shipping price.,Washing Instructions: | Wash at 40 degrees | Do not use chlorine bleach | Do not tumble dry | Iron medium | Do not dry clean,https://hebalinens.com/products/farashat,2026/01/27 02:57:47 PM
Farashat - Duvet set,Cream / King,6995.0,farashat,45343690981667,True,672b95c9c29b2,"Dreamy and sweet, the Farashat Duvet Set features beautiful golden butterflies on soft 100% cotton fabric. Enjoy a restful sleep surrounded by the exquisitely detailed butterflies and feel pampered by the breathable and comfortable fabric.  Set consists of: 1 embroidered duvet cover 2 embroidered pillow cases 2 plain p",Shipping cost is based on weight. Just add products to your cart and use the Shipping Calculator to see the shipping price.,Washing Instructions: | Wash at 40 degrees | Do not use chlorine bleach | Do not tumble dry | Iron medium | Do not dry clean,https://hebalinens.com/products/farashat,2026/01/27 02:57:47 PM
Feather - Guest Towel Set,White x Khaki,480.0,feather-guest-set,46636111298851,False,672b95d20c168,"Introducing the Feather - Guest Set - cotton face towels embroidered with beautiful boho chic feathers. Feel the softness, elegance, and luxury of these stunning towels. Perfect for your guests and sure to create a lasting impression! Set consists of: 3  face towels",Shipping cost is based on weight. Just add products to your cart and use the Shipping Calculator to see the shipping price.,Washing Instructions: | Wash at 40 degrees | Do not use chlorine bleach | Do not tumble dry | Iron medium | Do not dry clean,https://hebalinens.com/products/feather-guest-set,2026/01/27 02:57:50 PM
Farashat - Sheet set,White / King,5495.0,farashat-sheet-6pcs,45686354379043,True,672b95ce0ae57,"Add a touch of elegance to your bedroom with the Farashat sheet set, featuring delicate golden butterflies embroidered on cotton fabric. This set will help you drift off to a blissful sleep every night. Set consists of: 1 embroidered top sheet 2 embroidered pillow cases 2 plain pillow cases 1 flat sheet",Shipping cost is based on weight. Just add products to your cart and use the Shipping Calculator to see the shipping price.,Washing Instructions: | Wash at 40 degrees | Do not use chlorine bleach | Do not tumble dry | Iron medium | Do not dry clean,https://hebalinens.com/products/farashat-sheet-6pcs,2026/01/27 02:57:53 PM
Farashat - Sheet set,Cream / King,5495.0,farashat-sheet-6pcs,45686354411811,True,672b95cd26f79,"Add a touch of elegance to your bedroom with the Farashat sheet set, featuring delicate golden butterflies embroidered on cotton fabric. This set will help you drift off to a blissful sleep every night. Set consists of: 1 embroidered top sheet 2 embroidered pillow cases 2 plain pillow cases 1 flat sheet",Shipping cost is based on weight. Just add products to your cart and use the Shipping Calculator to see the shipping price.,Washing Instructions: | Wash at 40 degrees | Do not use chlorine bleach | Do not tumble dry | Iron medium | Do not dry clean,https://hebalinens.com/products/farashat-sheet-6pcs,2026/01/27 02:57:53 PM
Flow - Duvet set,King / White,14495.0,flow-duvet-set,46867388760355,True,672b95f7aeeac,"Experience the perfect sleep with Flow, a luxuriously soft duvet set made with 100% fine long staple Egyptian cotton. The 600 TC. fabric is exquisitely embroidered with a classical design to ensure an elegant and timeless look. Create a beautiful bedroom sanctuary to transform the way you sleep. Set consists of: 1 embr",Shipping cost is based on weight. Just add products to your cart and use the Shipping Calculator to see the shipping price.,Washing Instructions: | Wash at 40 degrees | Do not use chlorine bleach | Do not tumble dry | Iron medium | Do not dry clean,https://hebalinens.com/products/flow-duvet-set,2026/01/27 02:57:58 PM
Flow - Duvet set,King / Grey,14495.0,flow-duvet-set,46867388793123,False,672b95f6ed463,"Experience the perfect sleep with Flow, a luxuriously soft duvet set made with 100% fine long staple Egyptian cotton. The 600 TC. fabric is exquisitely embroidered with a classical design to ensure an elegant and timeless look. Create a beautiful bedroom sanctuary to transform the way you sleep. Set consists of: 1 embr",Shipping cost is based on weight. Just add products to your cart and use the Shipping Calculator to see the shipping price.,Washing Instructions: | Wash at 40 degrees | Do not use chlorine bleach | Do not tumble dry | Iron medium | Do not dry clean,https://hebalinens.com/products/flow-duvet-set,2026/01/27 02:57:58 PM
Freida - Pouch,Grey / 14 L X 18 W,495.0,freida-pouch,54675318669603,True,,"This charming Pouch instantly adds a touch of style to your look! With its cute embroidered pattern, this pouch is perfect for carrying your everyday essentials while still looking stylish. A must-have for any fashion enthusiast!",Shipping cost is based on weight. Just add products to your cart and use the Shipping Calculator to see the shipping price.,Washing Instructions: | Wash at 40 degrees | Do not use chlorine bleach | Do not tumble dry | Iron medium | Do not dry clean,https://hebalinens.com/products/freida-pouch,2026/01/27 02:58:01 PM
Fuiage - Bath Mat Set,White,4295.0,fuiage-bath-mat-set,46867833618723,False,672b95fc17387,"Treat your feet to the comfort of our Fuiage Bath Mat Set. Made with 100% cotton, these embroidered mats are extra soft and offer added cushioning. Enjoy a gentle reminder of nature in your bathroom with subtle blue leaves to complete the look. Set consists of: 2 rectangular bathmats  2 rounded side bathmats",Shipping cost is based on weight. Just add products to your cart and use the Shipping Calculator to see the shipping price.,Washing Instructions: | Wash at 40 degrees | Do not use chlorine bleach | Do not tumble dry | Iron medium | Do not dry clean,https://hebalinens.com/products/fuiage-bath-mat-set,2026/01/27 02:58:03 PM
Feather - Towel Set,White x Khaki,1795.0,feather-towel-set,46636095832355,False,672b95f180898,"Embroidered with boho chic feather designs, these soft and absorbent cotton towels are perfect for adding an exotic touch to any bathroom! Pamper yourself with this set and wrap up in comfort. Set consists of 1 Bath towel 2 Hand towels",Shipping cost is based on weight. Just add products to your cart and use the Shipping Calculator to see the shipping price.,Washing Instructions: | Wash at 40 degrees | Do not use chlorine bleach | Do not tumble dry | Iron medium | Do not dry clean,https://hebalinens.com/products/feather-towel-set,2026/01/27 02:58:06 PM
Feather - Towel Set,Cream x Khaki,1795.0,feather-towel-set,51112376631587,False,,"Embroidered with boho chic feather designs, these soft and absorbent cotton towels are perfect for adding an exotic touch to any bathroom! Pamper yourself with this set and wrap up in comfort. Set consists of 1 Bath towel 2 Hand towels",Shipping cost is based on weight. Just add products to your cart and use the Shipping Calculator to see the shipping price.,Washing Instructions: | Wash at 40 degrees | Do not use chlorine bleach | Do not tumble dry | Iron medium | Do not dry clean,https://hebalinens.com/products/feather-towel-set,2026/01/27 02:58:06 PM
Flow - Bath Mat Set,White,4295.0,flow-bathmat-set,46867420676387,False,672b95f4c132c,Immerse yourself in luxury with our Flow Bath Mat Set. Each 100% cotton mat is padded and elegantly finished with soft embroidery - the perfect way to get ready for your day in style! Set consists of: 2 rectangular bathmats  2 rounded side bathmats,Shipping cost is based on weight. Just add products to your cart and use the Shipping Calculator to see the shipping price.,Washing Instructions: | Wash at 40 degrees | Do not use chlorine bleach | Do not tumble dry | Iron medium | Do not dry clean,https://hebalinens.com/products/flow-bathmat-set,2026/01/27 02:58:09 PM
Flow - Bath Mat Set,Grey,4295.0,flow-bathmat-set,46867420741923,True,672b95f41bbbc,Immerse yourself in luxury with our Flow Bath Mat Set. Each 100% cotton mat is padded and elegantly finished with soft embroidery - the perfect way to get ready for your day in style! Set consists of: 2 rectangular bathmats  2 rounded side bathmats,Shipping cost is based on weight. Just add products to your cart and use the Shipping Calculator to see the shipping price.,Washing Instructions: | Wash at 40 degrees | Do not use chlorine bleach | Do not tumble dry | Iron medium | Do not dry clean,https://hebalinens.com/products/flow-bathmat-set,2026/01/27 02:58:09 PM
Flow - Sheet set,King / White,11495.0,flow-sheet-set,46867403899171,True,672b95f92ecc3,"Experience the highest quality sleep with Flow's Sheet Set. Made of 100% long staple fine Egyptian cotton at 600TC, this set is silk like soft with a classical embroidery design. Enjoy a cloud-like feel every night. Set consists of: 1 embroidered top sheet 2 embroidered pillow cases 2 plain pillow cases 1 flat sheet",Shipping cost is based on weight. Just add products to your cart and use the Shipping Calculator to see the shipping price.,Washing Instructions: | Wash at 40 degrees | Do not use chlorine bleach | Do not tumble dry | Iron medium | Do not dry clean,https://hebalinens.com/products/flow-sheet-set,2026/01/27 02:58:12 PM
Flow - Sheet set,King / Grey,11495.0,flow-sheet-set,46867403931939,False,672b95f84d081,"Experience the highest quality sleep with Flow's Sheet Set. Made of 100% long staple fine Egyptian cotton at 600TC, this set is silk like soft with a classical embroidery design. Enjoy a cloud-like feel every night. Set consists of: 1 embroidered top sheet 2 embroidered pillow cases 2 plain pillow cases 1 flat sheet",Shipping cost is based on weight. Just add products to your cart and use the Shipping Calculator to see the shipping price.,Washing Instructions: | Wash at 40 degrees | Do not use chlorine bleach | Do not tumble dry | Iron medium | Do not dry clean,https://hebalinens.com/products/flow-sheet-set,2026/01/27 02:58:12 PM
Fig Placemat Set,White,1140.0,fig-placemat-set,46353697308963,True,672b95f6ce637,"Set your table with this beautiful Fig Placemat Set! Enjoy the delicate touch of embroidered figs on luxurious linen, complete with its accompanying napkin. Let your dinner guests be inspired by the vibrant colors and exquisite details of these delightful placemats. Set consists of: 1 embroidered placemat  1 embroidere",Shipping cost is based on weight. Just add products to your cart and use the Shipping Calculator to see the shipping price.,Washing Instructions: | Wash at 40 degrees | Do not use chlorine bleach | Do not tumble dry | Iron medium | Do not dry clean,https://hebalinens.com/products/fig-placemat-set,2026/01/27 02:58:15 PM
Frivol - Sunglasses Cover,Grey,295.0,frivol-sunglasses-cover,46881374601507,True,672b95fb22944,"Elegantly embroidered sunglasses pouch that adds a touch of color to your everyday look. The perfect accessory for your sunglasses, it will keep them protected without compromising style.",Shipping cost is based on weight. Just add products to your cart and use the Shipping Calculator to see the shipping price.,Washing Instructions: | Wash at 40 degrees | Do not use chlorine bleach | Do not tumble dry | Iron medium | Do not dry clean,https://hebalinens.com/products/frivol-sunglasses-cover,2026/01/27 02:58:17 PM
Frivol - Pouch,Grey / 14 L X 18 W,495.0,frivol-pouch,46871909400867,False,672b95fa46e5a,"Made with intricate colored embroidery, this small pouch will add an extravagant touch to any look. Perfect for keeping your small items organized, it is sure to make a statement!",Shipping cost is based on weight. Just add products to your cart and use the Shipping Calculator to see the shipping price.,Washing Instructions: | Wash at 40 degrees | Do not use chlorine bleach | Do not tumble dry | Iron medium | Do not dry clean,https://hebalinens.com/products/frivol-pouch,2026/01/27 02:58:19 PM
Frieda - Sunglasses Cover,Grey,295.0,frieda-sunglasses-cover,54675320766755,True,,"Elegantly embroidered sunglasses pouch that adds a touch of color to your everyday look. The perfect accessory for your sunglasses, it will keep them protected without compromising style.",Shipping cost is based on weight. Just add products to your cart and use the Shipping Calculator to see the shipping price.,Washing Instructions: | Wash at 40 degrees | Do not use chlorine bleach | Do not tumble dry | Iron medium | Do not dry clean,https://hebalinens.com/products/frieda-sunglasses-cover,2026/01/27 02:58:22 PM
Feather - Sheet Set,King / White x Khaki,5495.0,feather-sheet-set,46636014174499,True,672b95f2853ee,"Achieve effortless, bohemian style with our Feather Sheet Set. Made with breathable, lightweight cotton fabric, it's embroidered with chic feather motifs for a look that's both cozy and stylish.  Set consists of: 1 embroidered top sheet 2 embroidered pillow cases 2 plain pillow cases 1 flat sheet",Shipping cost is based on weight. Just add products to your cart and use the Shipping Calculator to see the shipping price.,Washing Instructions: | Wash at 40 degrees | Do not use chlorine bleach | Do not tumble dry | Iron medium | Do not dry clean,https://hebalinens.com/products/feather-sheet-set,2026/01/27 02:58:24 PM
Fuiage - Guest Towel Set,White,495.0,fuiage-guest-towel-set,47067721728291,True,672b95fef098d,"Discover the luxurious feel of 100% Cotton Terry Towel, Fuiage! Our natural inspired Guest Towel brings the beauty of gardens and nature into your bathroom. Our premium absorbency towels offer superior comfort and absorbency. Treat your guests to the ultimate luxury!   Guest Towel Set consists of: 3  face towels",Shipping cost is based on weight. Just add products to your cart and use the Shipping Calculator to see the shipping price.,Washing Instructions: | Wash at 40 degrees | Do not use chlorine bleach | Do not tumble dry | Iron medium | Do not dry clean,https://hebalinens.com/products/fuiage-guest-towel-set,2026/01/27 02:58:27 PM
Fulla - Robe,White / One size-fits small to large,3295.0,fulla-robe,46880949567779,True,672b9608583de,,,,https://hebalinens.com/products/fulla-robe,2026/01/27 02:58:34 PM
Fulla - Robe,Cream / One size-fits small to large,3295.0,fulla-robe,46880949600547,True,672b96077f6e9,,,,https://hebalinens.com/products/fulla-robe,2026/01/27 02:58:34 PM
