Product,Price,Handle,Inventory Management,SKU,Product URL,Scraped at,Description,Hollistic Description,SKUs
1 Line Jacquard Towel,480.0,1-line-jacquard-towel,shopify,N/A,https://eg.lilly-home.com//products/1-line-jacquard-towel,2026/02/11 04:40:51 PM,100% egyptian cotton sizes: Hand Towel: 50x100   cm Face Towel:  70x140   cm Bath Towel:  100x160 cm,"1 Line Jacquard Towel - Hand towel / white, Hand towel / Coal: 100% egyptian cotton sizes: Hand Towel: 50x100   cm Face Towel:  70x140   cm Bath Towel:  100x160 cm",N/A
1 Line Jacquard Towel,740.0,1-line-jacquard-towel,shopify,N/A,https://eg.lilly-home.com//products/1-line-jacquard-towel,2026/02/11 04:40:51 PM,100% egyptian cotton sizes: Hand Towel: 50x100   cm Face Towel:  70x140   cm Bath Towel:  100x160 cm,"1 Line Jacquard Towel - Face Towel / white, Face Towel / Coal: 100% egyptian cotton sizes: Hand Towel: 50x100   cm Face Towel:  70x140   cm Bath Towel:  100x160 cm",N/A
1 Line Jacquard Towel,980.0,1-line-jacquard-towel,shopify,N/A,https://eg.lilly-home.com//products/1-line-jacquard-towel,2026/02/11 04:40:51 PM,100% egyptian cotton sizes: Hand Towel: 50x100   cm Face Towel:  70x140   cm Bath Towel:  100x160 cm,"1 Line Jacquard Towel - Bath Towel / white, Bath Towel / Coal: 100% egyptian cotton sizes: Hand Towel: 50x100   cm Face Towel:  70x140   cm Bath Towel:  100x160 cm",N/A
1 line Towel set (3 pcs),1880.0,1-line-towel-set-3-pcs,,N/A,https://eg.lilly-home.com//products/1-line-towel-set-3-pcs,2026/02/11 04:40:49 PM,A 100% Egyptian Cotton High absorption 3 piece Towel Set contains: 1 Hand Towel (50x30) 1 Face Towel (50x100) 1 Bath Towel (100x160) ,"1 line Towel set (3 pcs) - white, cafè: A 100% Egyptian Cotton High absorption 3 piece Towel Set contains: 1 Hand Towel (50x30) 1 Face Towel (50x100) 1 Bath Towel (100x160) ",N/A
100% Linen Chemise,2010.0,set-short-and-chemise,shopify,N/A,https://eg.lilly-home.com//products/set-short-and-chemise,2026/02/11 04:40:52 PM,Material: 100% Linen,"100% Linen Chemise - S / Pink, S / Navy Blue, S / Green, S / yellow, M / Pink, M / Navy Blue, M / Green, M / yellow, L / Pink, L / Navy Blue, L / Green, L / yellow: Material: 100% Linen",N/A
100% Linen Chemise,2680.0,set-short-and-chemise,,N/A,https://eg.lilly-home.com//products/set-short-and-chemise,2026/02/11 04:40:52 PM,Material: 100% Linen,"100% Linen Chemise - S / Beige, S / White, M / Beige, M / White, L / Beige, L / White: Material: 100% Linen",N/A
100%Linen Red line Duvet cover,8690.0,red-line-linen-duvet-cover-copy,,N/A,https://eg.lilly-home.com//products/red-line-linen-duvet-cover-copy,2026/02/11 04:40:55 PM,A 100% Egyptian Linen embroidered duvet set consists of : 1 embroidered duvet cover 2 embroidered pillow cases ,"100%Linen Red line Duvet cover - Superking (260x240) / Beige, king (240x220) / Beige: A 100% Egyptian Linen embroidered duvet set consists of : 1 embroidered duvet cover 2 embroidered pillow cases ",N/A
400 TC Plain Bedsheet (3pcs),2480.0,copy-of-plain-duvet-cover-3pcs,,N/A,https://eg.lilly-home.com//products/copy-of-plain-duvet-cover-3pcs,2026/02/11 04:40:54 PM, A 400 thread count cotton 3 piece set that consists of :,"400 TC Plain Bedsheet (3pcs) - Single / white / Flat, Single / white / Fitted, Single / Baby Blue / Flat, Single / Baby Blue / Fitted, Single / Lilac / Flat, Single / Lilac / Fitted, Single / Pastel Green / Flat, Single / Pastel Green / Fitted:  A 400 thread count cotton 3 piece set that consists of :",N/A
400 TC Plain Bedsheet (3pcs),2680.0,copy-of-plain-duvet-cover-3pcs,,N/A,https://eg.lilly-home.com//products/copy-of-plain-duvet-cover-3pcs,2026/02/11 04:40:54 PM, A 400 thread count cotton 3 piece set that consists of :,"400 TC Plain Bedsheet (3pcs) - King / white / Flat, King / white / Fitted, King / Baby Blue / Flat, King / Baby Blue / Fitted, King / Lilac / Flat, King / Lilac / Fitted, King / Pastel Green / Flat, King / Pastel Green / Fitted, Queen / white / Flat, Queen / white / Fitted, Queen / Baby Blue / Flat, Queen / Baby Blue / Fitted, Queen / Lilac / Flat, Queen / Lilac / Fitted, Queen / Pastel Green / Flat, Queen / Pastel Green / Fitted:  A 400 thread count cotton 3 piece set that consists of :",N/A
400 TC Plain Bedsheet set,2680.0,plain-bedsheet-set-350-tc,,N/A,https://eg.lilly-home.com//products/plain-bedsheet-set-350-tc,2026/02/11 04:41:03 PM,A 100% Egyptian cotton 400 Thread count fine Bedsheet set consists of : 1 Fitted Bedsheet (400 TC) 2 pillow cases (400 TC) (50x70 cm) ,"400 TC Plain Bedsheet set - Superking (200x200) / white, Superking (200x200) / off white, Superking (200x200) / grey, Superking (200x200) / aqua, Superking (200x200) / silver, king (180x200) / white, king (180x200) / off white, king (180x200) / grey, king (180x200) / aqua, king (180x200) / silver, Queen (160*200) / white, Queen (160*200) / off white, Queen (160*200) / grey, Queen (160*200) / aqua, Queen (160*200) / silver, double (120x200) / white, double (120x200) / off white, double (120x200) / grey, double (120x200) / aqua, double (120x200) / silver: A 100% Egyptian cotton 400 Thread count fine Bedsheet set consists of : 1 Fitted Bedsheet (400 TC) 2 pillow cases (400 TC) (50x70 cm) ",N/A
400 TC Plain Duvet cover set,3880.0,plain-duvet-cover-set-350-tc-1,,N/A,https://eg.lilly-home.com//products/plain-duvet-cover-set-350-tc-1,2026/02/11 04:41:04 PM,A 100% Egyptian cotton 400 Thread count fine Duvet cover set consists of : 1  Duvet cover (400 TC) 2 pillow cases (400 TC) (50x70 cm) ,"400 TC Plain Duvet cover set - Superking (260x240) / white, Superking (260x240) / off white, Superking (260x240) / grey, Superking (260x240) / aqua, Superking (260x240) / silver, king (220x240) / white, king (220x240) / off white, king (220x240) / grey, king (220x240) / aqua, king (220x240) / silver: A 100% Egyptian cotton 400 Thread count fine Duvet cover set consists of : 1  Duvet cover (400 TC) 2 pillow cases (400 TC) (50x70 cm) ",N/A
5 Lines Towel set (3 pcs),1880.0,5-lines-towel-set-6-pcs,,N/A,https://eg.lilly-home.com//products/5-lines-towel-set-6-pcs,2026/02/11 04:40:57 PM,A 100% Egyptian Cotton High absorption 3 piece Towel Set contains: 1 Hand Towel (50x30) 1 Face Towel (50x100) 1 Bath Towel (100x160) ,"5 Lines Towel set (3 pcs) - white, beige, silver, cafe, grey, aqua: A 100% Egyptian Cotton High absorption 3 piece Towel Set contains: 1 Hand Towel (50x30) 1 Face Towel (50x100) 1 Bath Towel (100x160) ",N/A
600 TC Plain Bedsheet set,3980.0,600-tc-plain-bedsheet-set-copy,,N/A,https://eg.lilly-home.com//products/600-tc-plain-bedsheet-set-copy,2026/02/11 04:40:59 PM,A 100% Egyptian cotton 600 Thread count fine Bedsheet set consists of : 1 Fitted Bedsheet (600TC) 2 pillow cases (600 TC) (50x70 cm) ,"600 TC Plain Bedsheet set - double (120x200) / white, double (120x200) / grey, double (120x200) / silver: A 100% Egyptian cotton 600 Thread count fine Bedsheet set consists of : 1 Fitted Bedsheet (600TC) 2 pillow cases (600 TC) (50x70 cm) ",N/A
600 TC Plain Bedsheet set,4180.0,600-tc-plain-bedsheet-set-copy,,N/A,https://eg.lilly-home.com//products/600-tc-plain-bedsheet-set-copy,2026/02/11 04:40:59 PM,A 100% Egyptian cotton 600 Thread count fine Bedsheet set consists of : 1 Fitted Bedsheet (600TC) 2 pillow cases (600 TC) (50x70 cm) ,"600 TC Plain Bedsheet set - Superking (200x200) / white, Superking (200x200) / grey, Superking (200x200) / silver, king (180x200) / white, king (180x200) / grey, king (180x200) / silver, Queen (160*200) / white, Queen (160*200) / grey, Queen (160*200) / silver: A 100% Egyptian cotton 600 Thread count fine Bedsheet set consists of : 1 Fitted Bedsheet (600TC) 2 pillow cases (600 TC) (50x70 cm) ",N/A
600 TC Plain Duvet cover set,6480.0,600-tc-plain-duvet-cover-set,,N/A,https://eg.lilly-home.com//products/600-tc-plain-duvet-cover-set,2026/02/11 04:41:00 PM,A 100% Egyptian cotton 600 Thread count fine Duvet cover set consists of : 1  Duvet cover (600 TC) 2 pillow cases (600 TC) (50x70 cm) ,"600 TC Plain Duvet cover set - Superking (260x240) / white, Superking (260x240) / grey, Superking (260x240) / silver, king (220x240) / white, king (220x240) / grey, king (220x240) / silver: A 100% Egyptian cotton 600 Thread count fine Duvet cover set consists of : 1  Duvet cover (600 TC) 2 pillow cases (600 TC) (50x70 cm) ",N/A
800 TC Plain Bedsheet set,6800.0,800-tc-plain-bedsheet-set,,N/A,https://eg.lilly-home.com//products/800-tc-plain-bedsheet-set,2026/02/11 04:41:02 PM,A 100% Egyptian cotton 800 Thread count fine Bedsheet set consists of : 1 Fitted Bedsheet (800TC) 2 pillow cases (800 TC) (50x70 cm) ,"800 TC Plain Bedsheet set - Superking (200x200) / white, Superking (200x200) / silver, king (180x200) / white, king (180x200) / silver, Queen (160*200) / white, Queen (160*200) / silver, double (120x200) / white, double (120x200) / silver: A 100% Egyptian cotton 800 Thread count fine Bedsheet set consists of : 1 Fitted Bedsheet (800TC) 2 pillow cases (800 TC) (50x70 cm) ",N/A
800 TC Plain Duvet cover set,7900.0,800-tc-plain-duvet-cover-set-copy,,N/A,https://eg.lilly-home.com//products/800-tc-plain-duvet-cover-set-copy,2026/02/11 04:41:06 PM,A 100% Egyptian cotton 800 Thread count fine Duvet cover set consists of : 1  Duvet cover (800 TC) 2 pillow cases (800 TC) (50x70 cm) ,"800 TC Plain Duvet cover set - Superking (260x240) / white, Superking (260x240) / grey, Superking (260x240) / silver, king (220x240) / white, king (220x240) / grey, king (220x240) / silver: A 100% Egyptian cotton 800 Thread count fine Duvet cover set consists of : 1  Duvet cover (800 TC) 2 pillow cases (800 TC) (50x70 cm) ",N/A
Almaze Cotton satin Quilt Set,7820.0,almaze-cotton-satin-quilt-set,shopify,N/A,https://eg.lilly-home.com//products/almaze-cotton-satin-quilt-set,2026/02/11 04:41:13 PM,A 100% Egyptian Cotton 600 TC with a Satin feel Quilt Set consists of: 1 Cotton-satin Quilt 2 Cushions 2 Pillow Cases (70x50 cm) ,"Almaze Cotton satin Quilt Set - white / Superking/king (250x270) cm, off white / Superking/king (250x270) cm, silver / Superking/king (250x270) cm, beige / Superking/king (250x270) cm, aqua / Superking/king (250x270) cm: A 100% Egyptian Cotton 600 TC with a Satin feel Quilt Set consists of: 1 Cotton-satin Quilt 2 Cushions 2 Pillow Cases (70x50 cm) ",N/A
Alternative Down Duvet,4100.0,down-duvet,shopify,N/A,https://eg.lilly-home.com//products/down-duvet,2026/02/11 04:41:08 PM,Alternative Down Duvet ,"Alternative Down Duvet - (260x240) / White, (240x220) / White, (180 x 220) / White: Alternative Down Duvet ",N/A
Alternative Down Pillow,720.0,down-pillow,shopify,N/A,https://eg.lilly-home.com//products/down-pillow,2026/02/11 04:41:10 PM,Alternative Down Pillow ,"Alternative Down Pillow - 50 x 70 / White, 60 x 60 / White, 40 x 40 / White, 40 x 30 / White: Alternative Down Pillow ",N/A
Bath mat,720.0,bath-mat,shopify,N/A,https://eg.lilly-home.com//products/bath-mat,2026/02/11 04:41:12 PM,650 gm/msquared 100% egyptian cotton,"Bath mat - Almond, Brown, Genzari, Gray: 650 gm/msquared 100% egyptian cotton",N/A
Beige Linen Dress,2980.0,beige-dress,shopify,N/A,https://eg.lilly-home.com//products/beige-dress,2026/02/11 04:41:09 PM,Effortless elegance dress in breathable linen.,"Beige Linen Dress - S/M / Beige, M/L / Beige: Effortless elegance dress in breathable linen.",N/A
Big leaves Jacquard  Duvet cover Set (3pcs),7480.0,big-leaves-jacquard-duvet-cover-set-3pcs-copy,,N/A,https://eg.lilly-home.com//products/big-leaves-jacquard-duvet-cover-set-3pcs-copy,2026/02/11 04:41:21 PM, A  3 piece400 thread count 100% egyptian cottonset that consists of :,"Big leaves Jacquard  Duvet cover Set (3pcs) - king / Cafe, queen / Cafe:  A  3 piece400 thread count 100% egyptian cottonset that consists of :",N/A
Black frame stripes Bedsheet set,2420.0,stripes-printed-bedsheet-set-350-tc,,N/A,https://eg.lilly-home.com//products/stripes-printed-bedsheet-set-350-tc,2026/02/11 04:41:18 PM,A 100% Egyptian cotton 350 Thread count fine Bedsheet set consists of : 1  Bedsheet (350 TC) 2 pillow cases (350 TC) (50x70 cm) ,"Black frame stripes Bedsheet set - double / stripes, single / stripes: A 100% Egyptian cotton 350 Thread count fine Bedsheet set consists of : 1  Bedsheet (350 TC) 2 pillow cases (350 TC) (50x70 cm) ",N/A
Black frame stripes Bedsheet set,2620.0,stripes-printed-bedsheet-set-350-tc,,N/A,https://eg.lilly-home.com//products/stripes-printed-bedsheet-set-350-tc,2026/02/11 04:41:18 PM,A 100% Egyptian cotton 350 Thread count fine Bedsheet set consists of : 1  Bedsheet (350 TC) 2 pillow cases (350 TC) (50x70 cm) ,"Black frame stripes Bedsheet set - king (270x250) / stripes, queen (220x240) / stripes: A 100% Egyptian cotton 350 Thread count fine Bedsheet set consists of : 1  Bedsheet (350 TC) 2 pillow cases (350 TC) (50x70 cm) ",N/A
Black frame stripes Duvet Cover,3680.0,black-frame-stripes-duvet-cover,,N/A,https://eg.lilly-home.com//products/black-frame-stripes-duvet-cover,2026/02/11 04:41:15 PM,A 100% Egyptian cotton 350 Thread count fine Duvet Cover set consists of : 1  Duvet Cover (350 TC) 2 pillow cases (350 TC) (50x70 cm) ,"Black frame stripes Duvet Cover - Superking (260x240) / Stripes, king (220x240) / Stripes: A 100% Egyptian cotton 350 Thread count fine Duvet Cover set consists of : 1  Duvet Cover (350 TC) 2 pillow cases (350 TC) (50x70 cm) ",N/A
Boat x Red Printed Duvet Cover,5620.0,trees-x-red-printed-duvet-cover-set-3pcs,shopify,N/A,https://eg.lilly-home.com//products/trees-x-red-printed-duvet-cover-set-3pcs,2026/02/11 04:41:27 PM, A  3 piece400 thread count 100% egyptian cottonset that consists of :,"Boat x Red Printed Duvet Cover - king / White x red, queen / White x red:  A  3 piece400 thread count 100% egyptian cottonset that consists of :",N/A
Boxed Towel set (3 pcs),1880.0,boxed-towel-set-6-pcs,,N/A,https://eg.lilly-home.com//products/boxed-towel-set-6-pcs,2026/02/11 04:41:23 PM,A 100% Egyptian Cotton High absorption 3 piece Towel Set contains: 1 Hand Towel (50x30) 1 Face Towel (50x100) 1 Bath Towel (100x160) ,"Boxed Towel set (3 pcs) - aqua, cafe, grey: A 100% Egyptian Cotton High absorption 3 piece Towel Set contains: 1 Hand Towel (50x30) 1 Face Towel (50x100) 1 Bath Towel (100x160) ",N/A
Boxes Cotton satin Quilt Set,7820.0,boxes-cotton-satin-quilt-set,,N/A,https://eg.lilly-home.com//products/boxes-cotton-satin-quilt-set,2026/02/11 04:41:30 PM,A 100% Egyptian Cotton 600 TC with a Satin feel Quilt Set consists of: 1 Cotton-satin Quilt 2 Cushions 2 Pillow Cases (70x50 cm) ,"Boxes Cotton satin Quilt Set - white / Superking/king (250x270) cm, beige / Superking/king (250x270) cm: A 100% Egyptian Cotton 600 TC with a Satin feel Quilt Set consists of: 1 Cotton-satin Quilt 2 Cushions 2 Pillow Cases (70x50 cm) ",N/A
Boxes throw,2400.0,boxes-throw,,N/A,https://eg.lilly-home.com//products/boxes-throw,2026/02/11 04:41:26 PM, A one piece knitted wool throw 150 x 230 cm,"Boxes throw - Black, Gray, Beige:  A one piece knitted wool throw 150 x 230 cm",N/A
Braid Towel set (3 pcs),1880.0,braid-towel-set-3-pcs,,N/A,https://eg.lilly-home.com//products/braid-towel-set-3-pcs,2026/02/11 04:41:24 PM,A 100% Egyptian Cotton High absorption 3 piece Towel Set contains: 1 Hand Towel (50x30) 1 Face Towel (50x100) 1 Bath Towel (100x160) ,"Braid Towel set (3 pcs) - white, Coal, Cafè, White x Gold: A 100% Egyptian Cotton High absorption 3 piece Towel Set contains: 1 Hand Towel (50x30) 1 Face Towel (50x100) 1 Bath Towel (100x160) ",N/A
Bridal Bedsheet (6 pcs),6460.0,bridal-aqua,,N/A,https://eg.lilly-home.com//products/bridal-aqua,2026/02/11 04:41:32 PM,A 400 thread count cotton 3 piece set that consists of :,"Bridal Bedsheet (6 pcs) - King / Aqua, King / Beige, Queen / Aqua, Queen / Beige: A 400 thread count cotton 3 piece set that consists of :",N/A
Bridal Bloom Duvet cover 3pcs,4620.0,bride-duvet-cover-3pcs,,N/A,https://eg.lilly-home.com//products/bride-duvet-cover-3pcs,2026/02/11 04:41:36 PM,A 100% Egyptian cotton 350 Thread count fine embroidered duvet set consists of : 1 embroidered duvet cover 2 embroidered pillow cases ,"Bridal Bloom Duvet cover 3pcs - Superking (260x240) / white, king (240x220) / white: A 100% Egyptian cotton 350 Thread count fine embroidered duvet set consists of : 1 embroidered duvet cover 2 embroidered pillow cases ",N/A
Bridal Night dress,980.0,bridal-night-dress,,N/A,https://eg.lilly-home.com//products/bridal-night-dress,2026/02/11 04:41:38 PM,Satin night dress,"Bridal Night dress - Small / Silver, Medium / Silver, Large / Silver: Satin night dress",N/A
Bride Towel set (3 pcs),1880.0,flower-towel-set-3-pcs,,N/A,https://eg.lilly-home.com//products/flower-towel-set-3-pcs,2026/02/11 04:41:35 PM,A 100% Egyptian Cotton High absorption 3 piece Towel Set contains: 1 Hand Towel (50x30) 1 Face Towel (50x100) 1 Bath Towel (100x160) ,"Bride Towel set (3 pcs) - beige, cafè: A 100% Egyptian Cotton High absorption 3 piece Towel Set contains: 1 Hand Towel (50x30) 1 Face Towel (50x100) 1 Bath Towel (100x160) ",N/A
Bridel Cotton satin Quilt Set,7820.0,bridel-cotton-satin-quilt-set,,N/A,https://eg.lilly-home.com//products/bridel-cotton-satin-quilt-set,2026/02/11 04:41:33 PM,A 100% Egyptian Cotton 600 TC with a Satin feel Quilt Set consists of: 1 Cotton-satin Quilt 2 Cushions 2 Pillow Cases (70x50 cm) ,"Bridel Cotton satin Quilt Set - white / Superking/king (250x270) cm, off white / Superking/king (250x270) cm, silver / Superking/king (250x270) cm, beige / Superking/king (250x270) cm, aqua / Superking/king (250x270) cm: A 100% Egyptian Cotton 600 TC with a Satin feel Quilt Set consists of: 1 Cotton-satin Quilt 2 Cushions 2 Pillow Cases (70x50 cm) ",N/A
Bubble Leaves 2 Color Bedspread,3480.0,bubbles-leaves-2-color-beadspread,,N/A,https://eg.lilly-home.com//products/bubbles-leaves-2-color-beadspread,2026/02/11 04:41:45 PM,A 100% Egyptian cotton Soft feel BedSpread,"Bubble Leaves 2 Color Bedspread - 270 * 250 / off white, 270 * 250 / beige, 270 * 250 / aqua, 270 * 250 / grey, 270 * 250 / cafè: A 100% Egyptian cotton Soft feel BedSpread",N/A
Bubbles Bedspread,2880.0,bubbles-beadspread,,N/A,https://eg.lilly-home.com//products/bubbles-beadspread,2026/02/11 04:41:40 PM,A 100% Egyptian cotton Soft feel BedSpread,"Bubbles Bedspread - 270 * 250 / white, 270 * 250 / off white, 270 * 250 / beige, 270 * 250 / cafe, 270 * 250 / aqua, 270 * 250 / grey: A 100% Egyptian cotton Soft feel BedSpread",N/A
Bubbles Coverlet Bedspread,2680.0,bubbles-coverlet-bedspread,,N/A,https://eg.lilly-home.com//products/bubbles-coverlet-bedspread,2026/02/11 04:41:47 PM,A one piece 100% Egyptian cotton bedspread 250 x 270 cm,"Bubbles Coverlet Bedspread - white, off White, Aqua, cafe, Beige, choco, Grey, black: A one piece 100% Egyptian cotton bedspread 250 x 270 cm",N/A
Bubbles Lounge wear Set,2280.0,bubbles-lounge-wear-set,,N/A,https://eg.lilly-home.com//products/bubbles-lounge-wear-set,2026/02/11 04:41:44 PM,Soft touch lounge wear -Shirt -Pants,"Bubbles Lounge wear Set - White / Small, White / Medium, White / Large: Soft touch lounge wear -Shirt -Pants",N/A
Bubbles Lounge wear Set with shorts,2280.0,bubbles-lounge-wear-set-with-shorts,,N/A,https://eg.lilly-home.com//products/bubbles-lounge-wear-set-with-shorts,2026/02/11 04:41:41 PM,Soft touch lounge wear -Shirt -Shorts,"Bubbles Lounge wear Set with shorts - White / Small, White / Medium, White / Large, baby blue / Small, baby blue / Medium, baby blue / Large, Lilac / Small, Lilac / Medium, Lilac / Large: Soft touch lounge wear -Shirt -Shorts",N/A
Bubbles dress,2680.0,bubbles-dress,,N/A,https://eg.lilly-home.com//products/bubbles-dress,2026/02/11 04:41:43 PM,1 piece linenlounge wear :-,"Bubbles dress - One Size / white, One Size / coal, One Size / Brown, One Size / Beige, One Size / Black: 1 piece linenlounge wear :-",N/A
Butter Yellow Top,1950.0,butter-yellow-top,shopify,N/A,https://eg.lilly-home.com//products/butter-yellow-top,2026/02/11 04:41:53 PM,"Soft cotton Butter Yellow top Timeless comfort, effortless style","Butter Yellow Top - S / Butter-Yellow, M / Butter-Yellow, L / Butter-Yellow: Soft cotton Butter Yellow top Timeless comfort, effortless style",N/A
Cape coat with scarf,1890.0,cape-coat-with-scarf,shopify,N/A,https://eg.lilly-home.com//products/cape-coat-with-scarf,2026/02/11 04:41:57 PM,Feel the softness and coziness of our knitted cape.,"Cape coat with scarf - Free Size / White, Free Size / Grey, Free Size / Black: Feel the softness and coziness of our knitted cape.",N/A
Cape jacket with black frame,1780.0,cape-jacket-with-black-frame,shopify,N/A,https://eg.lilly-home.com//products/cape-jacket-with-black-frame,2026/02/11 04:41:49 PM,Feel the softness and coziness of our knitted jacket cape,"Cape jacket with black frame - Free Size / Off-White, Free Size / Black: Feel the softness and coziness of our knitted jacket cape",N/A
Cape zipper jacket,1890.0,cape-zipper-jacket,,N/A,https://eg.lilly-home.com//products/cape-zipper-jacket,2026/02/11 04:41:52 PM,Feel the softness and coziness of our knitted  zipper cape.,"Cape zipper jacket - S/M / Grey, S/M / Off-white, S/M / Dark grey, M/L / Grey, M/L / Off-white, M/L / Dark grey: Feel the softness and coziness of our knitted  zipper cape.",N/A
Circle Coverlet Bedspread,2180.0,circle-coverlet-bedspread-1,,N/A,https://eg.lilly-home.com//products/circle-coverlet-bedspread-1,2026/02/11 04:41:56 PM,A one piece 100% cotton bedspread,"Circle Coverlet Bedspread - White, off white, beige, cafe, choco, aqua, grey, Green, Baby Blue, Lilac: A one piece 100% cotton bedspread",N/A
Circular Leaves Towel set (3 pcs),1880.0,circular-leaves-towel-set-6-pcs-1,,N/A,https://eg.lilly-home.com//products/circular-leaves-towel-set-6-pcs-1,2026/02/11 04:41:50 PM,A 100% Egyptian Cotton High absorption 3 piece Towel Set contains: 1 Hand Towel (50x30) 1 Face Towel (50x100) 1 Bath Towel (100x160) ,"Circular Leaves Towel set (3 pcs) - white, beige, silver, cafe, grey, aqua: A 100% Egyptian Cotton High absorption 3 piece Towel Set contains: 1 Hand Towel (50x30) 1 Face Towel (50x100) 1 Bath Towel (100x160) ",N/A
Crab Feston Duvet cover,4620.0,crab-feston-duvet-cover,,N/A,https://eg.lilly-home.com//products/crab-feston-duvet-cover,2026/02/11 04:42:04 PM,A 100% Egyptian cotton 400 Thread count fine embroidered duvet set consists of : 1 embroidered duvet cover 2 embroidered pillow cases ,"Crab Feston Duvet cover - Superking (260x240) / white, king (240x220) / white: A 100% Egyptian cotton 400 Thread count fine embroidered duvet set consists of : 1 embroidered duvet cover 2 embroidered pillow cases ",N/A
Crochet Duvet cover Set (3pcs),5420.0,crochet-duvet-cover-set-3pcs,,N/A,https://eg.lilly-home.com//products/crochet-duvet-cover-set-3pcs,2026/02/11 04:41:59 PM, A  3 piece400 thread count 100% egyptian cottonset that consists of :,Crochet Duvet cover Set (3pcs) - queen / White x Grey:  A  3 piece400 thread count 100% egyptian cottonset that consists of :,N/A
Crochet Duvet cover Set (3pcs),5620.0,crochet-duvet-cover-set-3pcs,,N/A,https://eg.lilly-home.com//products/crochet-duvet-cover-set-3pcs,2026/02/11 04:41:59 PM, A  3 piece400 thread count 100% egyptian cottonset that consists of :,Crochet Duvet cover Set (3pcs) - king / White x Grey:  A  3 piece400 thread count 100% egyptian cottonset that consists of :,N/A
Cross Linen Quilt Set,8800.0,cross-linen-quilt-set,,N/A,https://eg.lilly-home.com//products/cross-linen-quilt-set,2026/02/11 04:42:01 PM,A 100% pure Linen Quilt Linen Quilt Set consists of: 1 Linen Quilt 2 Cushions 2 Pillow Cases (70x50 cm) ,"Cross Linen Quilt Set - grey / Superking/ king (250x270) cm, beige / Superking/ king (250x270) cm, aqua / Superking/ king (250x270) cm: A 100% pure Linen Quilt Linen Quilt Set consists of: 1 Linen Quilt 2 Cushions 2 Pillow Cases (70x50 cm) ",N/A
Dantel Dots Duvet cover Set (3pcs),4620.0,dantel-duvet-cover-set-3pcs,,N/A,https://eg.lilly-home.com//products/dantel-duvet-cover-set-3pcs,2026/02/11 04:42:07 PM, A  3 piece400 thread count 100% egyptian cottonset that consists of :,"Dantel Dots Duvet cover Set (3pcs) - king / white, king / brown, queen / white, queen / brown:  A  3 piece400 thread count 100% egyptian cottonset that consists of :",N/A
Dantel squares Duvet cover Set (3pcs),4620.0,dantel-squares-duvet-cover-set-3pcs,,N/A,https://eg.lilly-home.com//products/dantel-squares-duvet-cover-set-3pcs,2026/02/11 04:42:06 PM, A  3 piece400 thread count 100% egyptian cottonset that consists of :,"Dantel squares Duvet cover Set (3pcs) - king / white, king / brown, queen / white, queen / brown:  A  3 piece400 thread count 100% egyptian cottonset that consists of :",N/A
Dash Towel set (3 pcs),1880.0,dash-towel-set-6-pcs,,N/A,https://eg.lilly-home.com//products/dash-towel-set-6-pcs,2026/02/11 04:42:13 PM,A 100% Egyptian Cotton High absorption 3 piece Towel Set contains: 1 Hand Towel (50x30) 1 Face Towel (50x100) 1 Bath Towel (100x160) ,"Dash Towel set (3 pcs) - white, silver, grey: A 100% Egyptian Cotton High absorption 3 piece Towel Set contains: 1 Hand Towel (50x30) 1 Face Towel (50x100) 1 Bath Towel (100x160) ",N/A
Degrade Bubbles Bedspread,2880.0,degrade-bubbles-bedspread,,N/A,https://eg.lilly-home.com//products/degrade-bubbles-bedspread,2026/02/11 04:42:10 PM,A 100% Egyptian cotton Soft feel BedSpread,"Degrade Bubbles Bedspread - King / beige, King / brown: A 100% Egyptian cotton Soft feel BedSpread",N/A
Dots Bedspread,3180.0,dots-bedspread-1,,N/A,https://eg.lilly-home.com//products/dots-bedspread-1,2026/02/11 04:42:12 PM,A 100% Egyptian cotton Soft feel BedSpread,"Dots Bedspread - 270 * 250 / Cafe, 270 * 250 / Coal, 270 * 250 / brown, 240 * 220 / Cafe, 240 * 220 / Coal, 240 * 220 / brown, superking / beige, superking / coal, King / beige, King / coal, double / beige, double / coal: A 100% Egyptian cotton Soft feel BedSpread",N/A
Dots Towel set (3 pcs),1880.0,copy-of-circular-leaves-towel-set-6-pcs,,N/A,https://eg.lilly-home.com//products/copy-of-circular-leaves-towel-set-6-pcs,2026/02/11 04:42:15 PM,A 100% Egyptian Cotton High absorption 3 piece Towel Set contains: 1 Hand Towel (50x30) 1 Face Towel (50x100) 1 Bath Towel (100x160) ,"Dots Towel set (3 pcs) - white, beige, silver, cafe, grey: A 100% Egyptian Cotton High absorption 3 piece Towel Set contains: 1 Hand Towel (50x30) 1 Face Towel (50x100) 1 Bath Towel (100x160) ",N/A
Dots Washed cotton Quilt Set,6880.0,dots-washed-cotton-quilt-set,,N/A,https://eg.lilly-home.com//products/dots-washed-cotton-quilt-set,2026/02/11 04:42:18 PM,A 100% Egyptian Cotton 350 TC with a washed cotton feel Quilt Set consists of: 1 washed cotton Quilt 2 Cushions 2 Pillow Cases (70x50 cm) ,"Dots Washed cotton Quilt Set - Cafe / Superking/ king (250x270) cm, beige / Superking/ king (250x270) cm, grey / Superking/ king (250x270) cm, aqua / Superking/ king (250x270) cm: A 100% Egyptian Cotton 350 TC with a washed cotton feel Quilt Set consists of: 1 washed cotton Quilt 2 Cushions 2 Pillow Cases (70x50 cm) ",N/A
Dotted Satin Pijama Set,2280.0,dotted-satin-pijama-set,shopify,N/A,https://eg.lilly-home.com//products/dotted-satin-pijama-set,2026/02/11 04:42:22 PM,A 2 piece set consists of: Top Pants Material: Viscose-Satin,"Dotted Satin Pijama Set - S / Beige, S / Aqua, M / Beige, M / Aqua, L / Beige, L / Aqua: A 2 piece set consists of: Top Pants Material: Viscose-Satin",N/A
Double face Bedspread,3180.0,spring-double-face-bedspread,,N/A,https://eg.lilly-home.com//products/spring-double-face-bedspread,2026/02/11 04:42:24 PM,A 100% Egyptian cotton Soft feel BedSpread 270*250 ,"Double face Bedspread - baby blue, White: A 100% Egyptian cotton Soft feel BedSpread 270*250 ",N/A
Embroidered 3 Lines Duvet cover,4620.0,embroidered-3-lines-duvet-cover,,N/A,https://eg.lilly-home.com//products/embroidered-3-lines-duvet-cover,2026/02/11 04:42:21 PM,A 100% Egyptian cotton 350 Thread count fine embroidered duvet set consists of : 1 embroidered duvet cover 2 embroidered pillow cases ,"Embroidered 3 Lines Duvet cover - Superking (260x240) / white, Superking (260x240) / offwhite, king (240x220) / white, king (240x220) / offwhite: A 100% Egyptian cotton 350 Thread count fine embroidered duvet set consists of : 1 embroidered duvet cover 2 embroidered pillow cases ",N/A
Embroidered Dash Duvet cover,4620.0,embroidered-dash-duvet-cover,,N/A,https://eg.lilly-home.com//products/embroidered-dash-duvet-cover,2026/02/11 04:42:28 PM,A 100% Egyptian cotton 350 Thread count fine embroidered duvet set consists of : 1 embroidered duvet cover 2 embroidered pillow cases ,"Embroidered Dash Duvet cover - Superking (260x240) / off white, Superking (260x240) / grey, Superking (260x240) / aqua, king (240x220) / off white, king (240x220) / grey, king (240x220) / aqua: A 100% Egyptian cotton 350 Thread count fine embroidered duvet set consists of : 1 embroidered duvet cover 2 embroidered pillow cases ",N/A
Embroidered Dots Duvet cover,4620.0,embroidered-dots-duvet-cover,,N/A,https://eg.lilly-home.com//products/embroidered-dots-duvet-cover,2026/02/11 04:42:30 PM,A 100% Egyptian cotton 350 Thread count fine embroidered duvet set consists of : 1 embroidered duvet cover 2 embroidered pillow cases ,"Embroidered Dots Duvet cover - Superking (260x240) / off white, Superking (260x240) / grey, king (240x220) / off white, king (240x220) / grey: A 100% Egyptian cotton 350 Thread count fine embroidered duvet set consists of : 1 embroidered duvet cover 2 embroidered pillow cases ",N/A
Embroidered Japandi Duvet cover,4620.0,embroidered-japandi-duvet-cover,,N/A,https://eg.lilly-home.com//products/embroidered-japandi-duvet-cover,2026/02/11 04:42:32 PM,A 100% Egyptian cotton 350 Thread count fine embroidered duvet set consists of : 1 embroidered duvet cover 2 embroidered pillow cases ,"Embroidered Japandi Duvet cover - Superking (260x240) / white, Superking (260x240) / offwhite, king (240x220) / white, king (240x220) / offwhite: A 100% Egyptian cotton 350 Thread count fine embroidered duvet set consists of : 1 embroidered duvet cover 2 embroidered pillow cases ",N/A
Embroidered Leaves Duvet cover,4620.0,embroidered-leaves-duvet-cover,,N/A,https://eg.lilly-home.com//products/embroidered-leaves-duvet-cover,2026/02/11 04:42:27 PM,A 100% Egyptian cotton 350 Thread count fine embroidered duvet set consists of : 1 embroidered duvet cover 2 embroidered pillow cases ,"Embroidered Leaves Duvet cover - Superking (260x240) / Beige, king (240x220) / Beige: A 100% Egyptian cotton 350 Thread count fine embroidered duvet set consists of : 1 embroidered duvet cover 2 embroidered pillow cases ",N/A
Embroidered Parallel Duvet cover,4620.0,embroidered-parallel-duvet-cover,,N/A,https://eg.lilly-home.com//products/embroidered-parallel-duvet-cover,2026/02/11 04:42:34 PM,A 100% Egyptian cotton 350 Thread count fine embroidered duvet set consists of : 1 embroidered duvet cover 2 embroidered pillow cases ,"Embroidered Parallel Duvet cover - Superking (260x240) / offwhite, king (240x220) / offwhite: A 100% Egyptian cotton 350 Thread count fine embroidered duvet set consists of : 1 embroidered duvet cover 2 embroidered pillow cases ",N/A
Embroidered Prim Duvet cover,4620.0,embroidered-prim-duvet-cover,,N/A,https://eg.lilly-home.com//products/embroidered-prim-duvet-cover,2026/02/11 04:42:35 PM,A 100% Egyptian cotton 350 Thread count fine embroidered duvet set consists of : 1 embroidered duvet cover 2 embroidered pillow cases ,"Embroidered Prim Duvet cover - Superking (260x240) / white, king (240x220) / white: A 100% Egyptian cotton 350 Thread count fine embroidered duvet set consists of : 1 embroidered duvet cover 2 embroidered pillow cases ",N/A
Embroidered Therma Duvet cover,5620.0,embroidered-therma-duvet-cover,shopify,N/A,https://eg.lilly-home.com//products/embroidered-therma-duvet-cover,2026/02/11 04:42:31 PM,A 100% Egyptian cotton 350 Thread count fine embroidered duvet set consists of : 1 embroidered duvet cover 2 embroidered pillow cases ,"Embroidered Therma Duvet cover - Superking (260x240) / white, Superking (260x240) / offwhite, king (240x220) / white, king (240x220) / offwhite: A 100% Egyptian cotton 350 Thread count fine embroidered duvet set consists of : 1 embroidered duvet cover 2 embroidered pillow cases ",N/A
Embroidered block Duvet cover,4620.0,embroidered-block-duvet-cover,,N/A,https://eg.lilly-home.com//products/embroidered-block-duvet-cover,2026/02/11 04:42:19 PM,A 100% Egyptian cotton 350 Thread count fine embroidered duvet set consists of : 1 embroidered duvet cover 2 embroidered pillow cases ,"Embroidered block Duvet cover - Superking (260x240) / white, Superking (260x240) / aqua, king (240x220) / white, king (240x220) / aqua: A 100% Egyptian cotton 350 Thread count fine embroidered duvet set consists of : 1 embroidered duvet cover 2 embroidered pillow cases ",N/A
Embroidered circular Leaves Duvet cover,4620.0,embroidered-circular-leaves-duvet-cover,,N/A,https://eg.lilly-home.com//products/embroidered-circular-leaves-duvet-cover,2026/02/11 04:42:26 PM,A 100% Egyptian cotton 350 Thread count fine embroidered duvet set consists of : 1 embroidered duvet cover 2 embroidered pillow cases ,"Embroidered circular Leaves Duvet cover - Superking (260x240) / Beige, king (240x220) / Beige: A 100% Egyptian cotton 350 Thread count fine embroidered duvet set consists of : 1 embroidered duvet cover 2 embroidered pillow cases ",N/A
Embroidered zigzag 78 Duvet cover,4620.0,embroidered-5-lines-duvet-cover,,N/A,https://eg.lilly-home.com//products/embroidered-5-lines-duvet-cover,2026/02/11 04:42:40 PM,A 100% Egyptian cotton 350 Thread count fine embroidered duvet set consists of : 1 embroidered duvet cover 2 embroidered pillow cases ,"Embroidered zigzag 78 Duvet cover - Superking (260x240) / offwhite, king (240x220) / offwhite: A 100% Egyptian cotton 350 Thread count fine embroidered duvet set consists of : 1 embroidered duvet cover 2 embroidered pillow cases ",N/A
Faux Coat,3180.0,faux-coat,shopify,N/A,https://eg.lilly-home.com//products/faux-coat,2026/02/11 04:42:37 PM,Feel the comfort and coziness of our Coat,"Faux Coat - Grey / S-M, Grey / M-L, White / S-M, White / M-L: Feel the comfort and coziness of our Coat",N/A
Floral Bedsheet set,6460.0,floral-bedsheet-set-copy,,N/A,https://eg.lilly-home.com//products/floral-bedsheet-set-copy,2026/02/11 04:42:39 PM, A  6 piece400 thread count 100% egyptian cottonset that consists of :,"Floral Bedsheet set - king / white, queen / white:  A  6 piece400 thread count 100% egyptian cottonset that consists of :",N/A
Floral Cotton Set,1790.0,floral-set,shopify,N/A,https://eg.lilly-home.com//products/floral-set,2026/02/11 04:42:42 PM,Cottonlounge wear setconsists of :- -Top -pants ,"Floral Cotton Set - small / White, medium / White, large / White: Cottonlounge wear setconsists of :- -Top -pants ",N/A
Floral Stripes Duvet cover,5620.0,floral-stripes-duvet-cover,,N/A,https://eg.lilly-home.com//products/floral-stripes-duvet-cover,2026/02/11 04:42:45 PM,A 100% Egyptian cotton 350 Thread count fine embroidered duvet set consists of : 1 embroidered duvet cover 2 embroidered pillow cases ,"Floral Stripes Duvet cover - Superking (260x240) / white, king (240x220) / white: A 100% Egyptian cotton 350 Thread count fine embroidered duvet set consists of : 1 embroidered duvet cover 2 embroidered pillow cases ",N/A
Floral Stripes cotton set,1980.0,floral-stripes-cotton-set,shopify,N/A,https://eg.lilly-home.com//products/floral-stripes-cotton-set,2026/02/11 04:42:49 PM,2 pieces cottonlounge wear :-,"Floral Stripes cotton set - small / Pink, medium / Pink, large / Pink: 2 pieces cottonlounge wear :-",N/A
Flower Duvet cover,4620.0,flower-duvet-cover,,N/A,https://eg.lilly-home.com//products/flower-duvet-cover,2026/02/11 04:42:48 PM,A 100% Egyptian cotton 350 Thread count fine embroidered duvet set consists of : 1 embroidered duvet cover 2 embroidered pillow cases ,"Flower Duvet cover - Superking (260x240) / white, king (240x220) / white: A 100% Egyptian cotton 350 Thread count fine embroidered duvet set consists of : 1 embroidered duvet cover 2 embroidered pillow cases ",N/A
Flower Towel set (3 pcs),1880.0,bride-towel-set-3-pcs,,N/A,https://eg.lilly-home.com//products/bride-towel-set-3-pcs,2026/02/11 04:42:46 PM,A 100% Egyptian Cotton High absorption 3 piece Towel Set contains: 1 Hand Towel (50x30) 1 Face Towel (50x100) 1 Bath Towel (100x160) ,"Flower Towel set (3 pcs) - White x Gold, White x White: A 100% Egyptian Cotton High absorption 3 piece Towel Set contains: 1 Hand Towel (50x30) 1 Face Towel (50x100) 1 Bath Towel (100x160) ",N/A
Flower cotton set,1580.0,flower-cotton-set,shopify,N/A,https://eg.lilly-home.com//products/flower-cotton-set,2026/02/11 04:42:44 PM,2 pieces cottonlounge wear :-,"Flower cotton set - small / white, medium / white, large / white: 2 pieces cottonlounge wear :-",N/A
Fur jacket,1080.0,fur-jacket,shopify,N/A,https://eg.lilly-home.com//products/fur-jacket,2026/02/11 04:42:51 PM,Feel the softness and warmth with our Fur Jacket ,"Fur jacket - Small / brown, Small / grey, Medium / brown, Medium / grey, Large / brown, Large / grey: Feel the softness and warmth with our Fur Jacket ",N/A
Goose Down Duvet,13500.0,goose-down-duvet,shopify,N/A,https://eg.lilly-home.com//products/goose-down-duvet,2026/02/11 04:42:57 PM,Goose Down Duvet ,"Goose Down Duvet - (260x240) / White, (240x220) / White, (180 x 220) / White: Goose Down Duvet ",N/A
Goose Down Pillow,3500.0,goose-down-pillow,shopify,N/A,https://eg.lilly-home.com//products/goose-down-pillow,2026/02/11 04:42:55 PM,Alternative Down Pillow ,"Goose Down Pillow - 50 x 70 / White, 60 x 60 / White: Alternative Down Pillow ",N/A
Half face,620.0,half-face,shopify,N/A,https://eg.lilly-home.com//products/half-face,2026/02/11 04:42:53 PM,product details : Cement - Handmade,"Half face - Black, White: product details : Cement - Handmade",N/A
Honeycomb Bedspread,2880.0,honeycomb-beadspread,shopify,N/A,https://eg.lilly-home.com//products/honeycomb-beadspread,2026/02/11 04:42:56 PM,A 100% Egyptian cotton Soft feel BedSpread,"Honeycomb Bedspread - 270 * 250 / white, 270 * 250 / aqua, 270 * 250 / grey, 270 * 250 / beige: A 100% Egyptian cotton Soft feel BedSpread",N/A
Jacquard 600 TC Leaves Bedsheet set,6970.0,jacquard-800-tc-leaves-bedsheet-set,shopify,N/A,https://eg.lilly-home.com//products/jacquard-800-tc-leaves-bedsheet-set,2026/02/11 04:42:59 PM,A 100% Egyptian cotton 600 Thread count fine Bedsheet set consists of : 1 Jacquard Bedsheet (600 TC) 2 Jacquard pillow cases (600TC) ,"Jacquard 600 TC Leaves Bedsheet set - Superking (270x280) / White, Superking (270x280) / Silver, Superking (270x280) / Teal, king (250x270) / White, king (250x270) / Silver, king (250x270) / Teal: A 100% Egyptian cotton 600 Thread count fine Bedsheet set consists of : 1 Jacquard Bedsheet (600 TC) 2 Jacquard pillow cases (600TC) ",N/A
Jacquard 600 TC Zigzag Bedsheet set,6970.0,jacquard-600-tc-zigzag-bedsheet-set-copy-1,shopify,N/A,https://eg.lilly-home.com//products/jacquard-600-tc-zigzag-bedsheet-set-copy-1,2026/02/11 04:43:09 PM,A 100% Egyptian cotton 600 Thread count fine Bedsheet set consists of : 1 Jacquard Bedsheet (600 TC) 2 Jacquard pillow cases (600TC) ,"Jacquard 600 TC Zigzag Bedsheet set - Superking (270x280) / Grey, Superking (270x280) / Silver, Superking (270x280) / Teal, king (250x270) / Grey, king (250x270) / Silver, king (250x270) / Teal: A 100% Egyptian cotton 600 Thread count fine Bedsheet set consists of : 1 Jacquard Bedsheet (600 TC) 2 Jacquard pillow cases (600TC) ",N/A
Jacquard 600TC Leaves Duvet cover,7480.0,jacquard-800-tc-leaves-duvet-cover,shopify,N/A,https://eg.lilly-home.com//products/jacquard-800-tc-leaves-duvet-cover,2026/02/11 04:43:06 PM,A 100% Egyptian cotton 600 Thread count fine Jacquard duvet set consists of : 1 Jacquard duvet cover (600 TC) 2 Jacquard pillow cases (600TC) ,"Jacquard 600TC Leaves Duvet cover - Superking (260x240) / white, Superking (260x240) / Silver, Superking (260x240) / Teal, king (240x220) / white, king (240x220) / Silver, king (240x220) / Teal: A 100% Egyptian cotton 600 Thread count fine Jacquard duvet set consists of : 1 Jacquard duvet cover (600 TC) 2 Jacquard pillow cases (600TC) ",N/A
Jacquard 600TC Zigzag Duvet cover,7480.0,zigzag-600tc-leaves-duvet-cover-copy,,N/A,https://eg.lilly-home.com//products/zigzag-600tc-leaves-duvet-cover-copy,2026/02/11 04:43:01 PM,A 100% Egyptian cotton 600 Thread count fine Jacquard duvet set consists of : 1 Jacquard duvet cover (600 TC) 2 Jacquard pillow cases (600TC) ,"Jacquard 600TC Zigzag Duvet cover - Superking (260x240) / Grey, Superking (260x240) / Silver, Superking (260x240) / Teal, king (240x220) / Grey, king (240x220) / Silver, king (240x220) / Teal: A 100% Egyptian cotton 600 Thread count fine Jacquard duvet set consists of : 1 Jacquard duvet cover (600 TC) 2 Jacquard pillow cases (600TC) ",N/A
Jacquard Cotton pj set,2180.0,jacquard-cotton-set,,N/A,https://eg.lilly-home.com//products/jacquard-cotton-set,2026/02/11 04:43:02 PM,2 pieces cottonlounge wear :-,"Jacquard Cotton pj set - small / Beige, small / White, small / Dust Rose, medium / Beige, medium / White, medium / Dust Rose, large / Beige, large / White, large / Dust Rose: 2 pieces cottonlounge wear :-",N/A
Jacquard Leaves Duvet cover,7480.0,jacquard-leaves-duvet-cover,,N/A,https://eg.lilly-home.com//products/jacquard-leaves-duvet-cover,2026/02/11 04:43:05 PM,A 100% Egyptian cotton 600 Thread count fine Jacquard duvet set consists of : 1 Jacquard duvet cover (600 TC) 2 Jacquard pillow cases (600TC) ,"Jacquard Leaves Duvet cover - Superking (260x240) / white, Superking (260x240) / beige, Superking (260x240) / grey, Superking (260x240) / aqua, king (240x220) / white, king (240x220) / beige, king (240x220) / grey, king (240x220) / aqua: A 100% Egyptian cotton 600 Thread count fine Jacquard duvet set consists of : 1 Jacquard duvet cover (600 TC) 2 Jacquard pillow cases (600TC) ",N/A
Jacquard Zigzag Duvet cover,3980.0,jacquard-zigzag-duvet-cover,shopify,N/A,https://eg.lilly-home.com//products/jacquard-zigzag-duvet-cover,2026/02/11 04:43:08 PM,A 100% Egyptian cotton 600 Thread count fine Jacquard duvet set consists of : 1 Jacquard duvet cover (600 TC) 2 Jacquard pillow cases (600TC) ,"Jacquard Zigzag Duvet cover - Superking (260x240) / white, Superking (260x240) / off white, Superking (260x240) / grey, Superking (260x240) / aqua, Superking (260x240) / silver, king (240x220) / white, king (240x220) / off white, king (240x220) / grey, king (240x220) / aqua, king (240x220) / silver: A 100% Egyptian cotton 600 Thread count fine Jacquard duvet set consists of : 1 Jacquard duvet cover (600 TC) 2 Jacquard pillow cases (600TC) ",N/A
Japandi Leaves Bedsheet Set,6460.0,japandi-leaves-bedsheet-set,,N/A,https://eg.lilly-home.com//products/japandi-leaves-bedsheet-set,2026/02/11 04:43:04 PM,A  6 piece400 thread count 100% egyptian cottonset that consists of :,"Japandi Leaves Bedsheet Set - king / white, king / cafe, queen / white, queen / cafe: A  6 piece400 thread count 100% egyptian cottonset that consists of :",N/A
Japandi Leaves Tablecloth,2380.0,japandi-leaves-table-linen,,N/A,https://eg.lilly-home.com//products/japandi-leaves-table-linen,2026/02/11 04:43:15 PM,Rectangular cotton Tablecloth 8 persons  ,"Japandi Leaves Tablecloth - white, cafe, brown: Rectangular cotton Tablecloth 8 persons  ",N/A
Japandi Lines Table cloth,2380.0,japandi-lines-table-linen,,N/A,https://eg.lilly-home.com//products/japandi-lines-table-linen,2026/02/11 04:43:13 PM,Rectangular cotton Tablecloth 8 persons ,"Japandi Lines Table cloth - white, cafe, brown, Baby Blue, Lilac, Pastel Green: Rectangular cotton Tablecloth 8 persons ",N/A
Japandi Lines Towel set (3 pcs),1880.0,japandi-lines-towel-set-6-pcs,,N/A,https://eg.lilly-home.com//products/japandi-lines-towel-set-6-pcs,2026/02/11 04:43:17 PM,A 100% Egyptian Cotton High absorption 3 piece Towel Set contains: 1 Hand Towel (50x30) 1 Face Towel (50x100) 1 Bath Towel (100x160) ,"Japandi Lines Towel set (3 pcs) - beige, silver, grey, cafe, white: A 100% Egyptian Cotton High absorption 3 piece Towel Set contains: 1 Hand Towel (50x30) 1 Face Towel (50x100) 1 Bath Towel (100x160) ",N/A
Japandi Vers Towel Set (3pcs),1880.0,japandi-vers-towel-set-6pcs,,N/A,https://eg.lilly-home.com//products/japandi-vers-towel-set-6pcs,2026/02/11 04:43:14 PM,A 3 piece high absorption  towel set that consists of : Material : 100% Egyptian cotton,"Japandi Vers Towel Set (3pcs) - white, beige: A 3 piece high absorption  towel set that consists of : Material : 100% Egyptian cotton",N/A
Japandi Waves Bedsheet Set,6460.0,copy-of-japandi-waves-bedsheet-set,,N/A,https://eg.lilly-home.com//products/copy-of-japandi-waves-bedsheet-set,2026/02/11 04:43:19 PM, A  6 piece400 thread count 100% egyptian cottonset that consists of :,"Japandi Waves Bedsheet Set - king / white, king / cafe, queen / white, queen / cafe:  A  6 piece400 thread count 100% egyptian cottonset that consists of :",N/A
Japandi Waves Towel Set (3pcs),1880.0,japandi-waves-towel-set-6pcs,,N/A,https://eg.lilly-home.com//products/japandi-waves-towel-set-6pcs,2026/02/11 04:43:22 PM, A 3 piece high absorption towel set that consists of: Material: 100% Egyptian cotton,"Japandi Waves Towel Set (3pcs) - white, beige:  A 3 piece high absorption towel set that consists of: Material: 100% Egyptian cotton",N/A
Japandi leaves Towel Set 3 pcs,1880.0,japandi-leaves-towel-set-6pcs,,N/A,https://eg.lilly-home.com//products/japandi-leaves-towel-set-6pcs,2026/02/11 04:43:11 PM, A 3 piece high absorption towel set that consists of: Material: 100% Egyptian cotton,"Japandi leaves Towel Set 3 pcs - white, cafe:  A 3 piece high absorption towel set that consists of: Material: 100% Egyptian cotton",N/A
Karo Washed cotton Quilt Set,6880.0,karo-washed-cotton-quilt-set,,N/A,https://eg.lilly-home.com//products/karo-washed-cotton-quilt-set,2026/02/11 04:43:20 PM,A 100% Egyptian Cotton 350 TC with a washed cotton feel Quilt Set consists of: 1 washed cotton Quilt 2 Cushions 2 Pillow Cases (70x50 cm) ,"Karo Washed cotton Quilt Set - grey / Superking/ king (250x270) cm, beige / Superking/ king (250x270) cm: A 100% Egyptian Cotton 350 TC with a washed cotton feel Quilt Set consists of: 1 washed cotton Quilt 2 Cushions 2 Pillow Cases (70x50 cm) ",N/A
Knitted  V neck Loungewear set,2280.0,knitted-v-neck-loungewear-set,shopify,N/A,https://eg.lilly-home.com//products/knitted-v-neck-loungewear-set,2026/02/11 04:43:23 PM,Feel the softness and coziness of our knitted set with an oversized fit,"Knitted  V neck Loungewear set - S-M / White, S-M / Black, M-L / White, M-L / Black: Feel the softness and coziness of our knitted set with an oversized fit",N/A
Knitted Long Dress,2080.0,knitted-long-linen-cardigan-copy,,N/A,https://eg.lilly-home.com//products/knitted-long-linen-cardigan-copy,2026/02/11 04:43:26 PM,"Soft, breathable knit fabric","Knitted Long Dress - One size / White, One size / Beige, One size / Black: Soft, breathable knit fabric",N/A
Knitted Mash set,2750.0,kknitted-dress,shopify,N/A,https://eg.lilly-home.com//products/kknitted-dress,2026/02/11 04:43:29 PM,Breathable knitted wear perfect for beach day and lounging,"Knitted Mash set - brown / S/M, brown / M/L: Breathable knitted wear perfect for beach day and lounging",N/A
Knitted Set 3pcs,2980.0,knitted-set-3pcs,shopify,N/A,https://eg.lilly-home.com//products/knitted-set-3pcs,2026/02/11 04:43:34 PM,Feel the softness and coziness of our knitted set   ,"Knitted Set 3pcs - S/M / black, S/M / Grey, S/M / Off white, M/L / black, M/L / Grey, M/L / Off white: Feel the softness and coziness of our knitted set   ",N/A
Knitted Tank Top,870.0,knitted-undershirt,,N/A,https://eg.lilly-home.com//products/knitted-undershirt,2026/02/11 04:43:38 PM,Soft touch Knitted Tank top  ,"Knitted Tank Top - White / one size, Beige / one size: Soft touch Knitted Tank top  ",N/A
Knitted V dress,1480.0,v-knitted-dress,shopify,N/A,https://eg.lilly-home.com//products/v-knitted-dress,2026/02/11 04:43:33 PM,Breathable knitted wear perfect for beach day and lounging,"Knitted V dress - beige / One Size, white / One Size: Breathable knitted wear perfect for beach day and lounging",N/A
Knitted Wool Cardigan,3470.0,knitted-wool-cardigan,,N/A,https://eg.lilly-home.com//products/knitted-wool-cardigan,2026/02/11 04:43:45 PM,Feel the softness and coziness of our knitted cardigan  ,"Knitted Wool Cardigan - Free Size / White, Free Size / Beige, Free Size / Black: Feel the softness and coziness of our knitted cardigan  ",N/A
Knitted coverup,1880.0,knitted-cap,shopify,N/A,https://eg.lilly-home.com//products/knitted-cap,2026/02/11 04:43:31 PM,Breathable knitted wear perfect for beach day and lounging,"Knitted coverup - brown / One Size, white / One Size: Breathable knitted wear perfect for beach day and lounging",N/A
Knitted pocket Set 2pcs,2780.0,knitted-pocket-set-2pcs,shopify,N/A,https://eg.lilly-home.com//products/knitted-pocket-set-2pcs,2026/02/11 04:43:28 PM,Feel the softness and coziness of our knitted set   ,"Knitted pocket Set 2pcs - S/M / Beige, S/M / Off-White, S/M / Grey, S/M / Black, M/L / Beige, M/L / Off-White, M/L / Grey, M/L / Black: Feel the softness and coziness of our knitted set   ",N/A
Knitted robe,1750.0,knitted-robe,shopify,N/A,https://eg.lilly-home.com//products/knitted-robe,2026/02/11 04:43:37 PM,Feel the softness and coziness of our knitted robe  ,"Knitted robe - Free Size / White, Free Size / Grey, Free Size / Black: Feel the softness and coziness of our knitted robe  ",N/A
Knitted scarf,1900.0,knitted-scarf,shopify,N/A,https://eg.lilly-home.com//products/knitted-scarf,2026/02/11 04:43:41 PM,Feel the softness and coziness of our knitted scarf ,"Knitted scarf - Free Size / grey, Free Size / Black, Free Size / beige: Feel the softness and coziness of our knitted scarf ",N/A
Knitted throw,2400.0,knitted-throw,,N/A,https://eg.lilly-home.com//products/knitted-throw,2026/02/11 04:43:40 PM, A one piece knitted wool throw 150 x 230 cm,"Knitted throw - Black, Gray, Coal:  A one piece knitted wool throw 150 x 230 cm",N/A
Knitted zipper set,1450.0,knitted-zipper-set,shopify,N/A,https://eg.lilly-home.com//products/knitted-zipper-set,2026/02/11 04:43:46 PM,Feel the softness with our knitted Set : - knitted sweater - knitted pants,"Knitted zipper set - Small / off white, Small / beige, Small / cafe, Small / black, Medium / off white, Medium / beige, Medium / cafe, Medium / black, Large / off white, Large / beige, Large / cafe, Large / black: Feel the softness with our knitted Set : - knitted sweater - knitted pants",N/A
Kosrat Bedsheet set,6460.0,kosrat-bedsheet-set,,N/A,https://eg.lilly-home.com//products/kosrat-bedsheet-set,2026/02/11 04:43:47 PM, A  6 piece400 thread count 100% egyptian cottonset that consists of :,"Kosrat Bedsheet set - king / white, queen / white:  A  6 piece400 thread count 100% egyptian cottonset that consists of :",N/A
Kosrat Duvet cover 3pcs,4620.0,kosrat-duvet-cover-3pcs,,N/A,https://eg.lilly-home.com//products/kosrat-duvet-cover-3pcs,2026/02/11 04:43:50 PM,A 100% Egyptian cotton 350 Thread count fine embroidered duvet set consists of : 1 embroidered duvet cover 2 embroidered pillow cases ,"Kosrat Duvet cover 3pcs - Superking (260x240) / white, king (240x220) / white: A 100% Egyptian cotton 350 Thread count fine embroidered duvet set consists of : 1 embroidered duvet cover 2 embroidered pillow cases ",N/A
Leaves Bathrobe,2180.0,leaves-bathrobe,,N/A,https://eg.lilly-home.com//products/leaves-bathrobe,2026/02/11 04:43:43 PM,A 100% cotton bathrobe,"Leaves Bathrobe - white, off white, silver, cafe, grey: A 100% cotton bathrobe",N/A
Leaves Bedspread,2980.0,leaves-bedspread,,N/A,https://eg.lilly-home.com//products/leaves-bedspread,2026/02/11 04:43:53 PM,A one piece 100% Egyptian cotton bedspread 250 x 270 cm,"Leaves Bedspread - White, off white, Beige, Cafe, Aqua, brown, grey: A one piece 100% Egyptian cotton bedspread 250 x 270 cm",N/A
Leaves Cotton Tablecloth,2480.0,leaves-cotton-table-linen,,N/A,https://eg.lilly-home.com//products/leaves-cotton-table-linen,2026/02/11 04:43:59 PM,A 100% Egyptian Cotton Tablecloth,"Leaves Cotton Tablecloth - white / 8 Persons (180x250), Cafe / 8 Persons (180x250): A 100% Egyptian Cotton Tablecloth",N/A
Leaves Cotton satin Quilt Set,7820.0,leaves-cotton-satin-quilt-set,,N/A,https://eg.lilly-home.com//products/leaves-cotton-satin-quilt-set,2026/02/11 04:43:49 PM,A 100% Egyptian Cotton 600 TC with a Satin feel Quilt Set consists of: 1 Cotton-satin Quilt 2 Cushions 2 Pillow Cases (70x50 cm) ,"Leaves Cotton satin Quilt Set - silver / Superking/king (250x270) cm, beige / Superking/king (250x270) cm, aqua / Superking/king (250x270) cm: A 100% Egyptian Cotton 600 TC with a Satin feel Quilt Set consists of: 1 Cotton-satin Quilt 2 Cushions 2 Pillow Cases (70x50 cm) ",N/A
Leaves Jacquard Towel,480.0,leaves-jacquard-towel,shopify,N/A,https://eg.lilly-home.com//products/leaves-jacquard-towel,2026/02/11 04:43:56 PM,100% egyptian cotton sizes: Hand Towel: 50x100   cm Face Towel:  70x140   cm Bath Towel:  100x160 cm,"Leaves Jacquard Towel - Hand towel / white, Hand towel / silver, Hand towel / beige, Hand towel / brown, Hand towel / aqua, Hand towel / Baby Blue, Hand towel / Pastel green, Hand towel / Lilac: 100% egyptian cotton sizes: Hand Towel: 50x100   cm Face Towel:  70x140   cm Bath Towel:  100x160 cm",N/A
Leaves Jacquard Towel,740.0,leaves-jacquard-towel,shopify,N/A,https://eg.lilly-home.com//products/leaves-jacquard-towel,2026/02/11 04:43:56 PM,100% egyptian cotton sizes: Hand Towel: 50x100   cm Face Towel:  70x140   cm Bath Towel:  100x160 cm,"Leaves Jacquard Towel - Face Towel / white, Face Towel / silver, Face Towel / beige, Face Towel / brown, Face Towel / aqua, Face Towel / Baby Blue, Face Towel / Pastel green, Face Towel / Lilac: 100% egyptian cotton sizes: Hand Towel: 50x100   cm Face Towel:  70x140   cm Bath Towel:  100x160 cm",N/A
Leaves Jacquard Towel,980.0,leaves-jacquard-towel,shopify,N/A,https://eg.lilly-home.com//products/leaves-jacquard-towel,2026/02/11 04:43:56 PM,100% egyptian cotton sizes: Hand Towel: 50x100   cm Face Towel:  70x140   cm Bath Towel:  100x160 cm,"Leaves Jacquard Towel - Bath Towel / white, Bath Towel / silver, Bath Towel / beige, Bath Towel / brown, Bath Towel / aqua, Bath Towel / Baby Blue, Bath Towel / Pastel green, Bath Towel / Lilac: 100% egyptian cotton sizes: Hand Towel: 50x100   cm Face Towel:  70x140   cm Bath Towel:  100x160 cm",N/A
Leaves Towel set (3 pcs),1880.0,leaves-towel-set-6-pcs,,N/A,https://eg.lilly-home.com//products/leaves-towel-set-6-pcs,2026/02/11 04:43:58 PM,A 100% Egyptian Cotton High absorption 3 piece Towel Set contains: 1 Hand Towel (50x30) 1 Face Towel (50x100) 1 Bath Towel (100x160) ,"Leaves Towel set (3 pcs) - white, beige, silver, grey, aqua: A 100% Egyptian Cotton High absorption 3 piece Towel Set contains: 1 Hand Towel (50x30) 1 Face Towel (50x100) 1 Bath Towel (100x160) ",N/A
Lilac/Cream Duvet cover set (350 TC),3480.0,lilac-cream-duvet-cover-set-350-tc,shopify,N/A,https://eg.lilly-home.com//products/lilac-cream-duvet-cover-set-350-tc,2026/02/11 04:43:55 PM,A 100% Egyptian cotton 350 Thread count fine Duvet cover set consists of : 1  Duvet cover (350 TC) 2 pillow cases (350 TC) (50x70 cm) ,"Lilac/Cream Duvet cover set (350 TC) - Superking (260x240) / Cream, Superking (260x240) / Lilac, king (220x240) / Cream, king (220x240) / Lilac, queen (220x240) / Cream, queen (220x240) / Lilac, double / Cream, double / Lilac, single / Cream, single / Lilac: A 100% Egyptian cotton 350 Thread count fine Duvet cover set consists of : 1  Duvet cover (350 TC) 2 pillow cases (350 TC) (50x70 cm) ",N/A
Lilie Cotton dress,1580.0,lilie-cotton-dress,,N/A,https://eg.lilly-home.com//products/lilie-cotton-dress,2026/02/11 04:44:00 PM,1 piece cottonlounge wear :- - Dress,"Lilie Cotton dress - small / White, medium / White, large / White: 1 piece cottonlounge wear :- - Dress",N/A
Limestone Bricks Washed Cotton Quilt Set,6880.0,limestone-bricks-washed-cotton-quilt-set,,N/A,https://eg.lilly-home.com//products/limestone-bricks-washed-cotton-quilt-set,2026/02/11 04:44:02 PM,A 100% Egyptian Cotton 400 TC with a washed feel Quilt Set consists of: 1 Cotton-satin Quilt 2 Cushions 2 Pillow Cases (70x50 cm) ,"Limestone Bricks Washed Cotton Quilt Set - brown / Superking/ king (250x270) cm, silver / Superking/ king (250x270) cm: A 100% Egyptian Cotton 400 TC with a washed feel Quilt Set consists of: 1 Cotton-satin Quilt 2 Cushions 2 Pillow Cases (70x50 cm) ",N/A
Limestone Marble Towel Set 3 pcs,1880.0,limestone-marble-towel-set-3-pcs,,N/A,https://eg.lilly-home.com//products/limestone-marble-towel-set-3-pcs,2026/02/11 04:44:10 PM, A 3 piece high absorption towel set that consists of: Material: 100% Egyptian cotton,"Limestone Marble Towel Set 3 pcs - white x Brown, White x Aqua, Silver x Brown, Silver x Aqua, Brown:  A 3 piece high absorption towel set that consists of: Material: 100% Egyptian cotton",N/A
Limestone Tri Towel Set 3 pcs,1880.0,copy-of-limestone-mosiqe-towel-set-3-pcs,,N/A,https://eg.lilly-home.com//products/copy-of-limestone-mosiqe-towel-set-3-pcs,2026/02/11 04:44:08 PM, A 3 piece high absorption towel set that consists of: Material: 100% Egyptian cotton,"Limestone Tri Towel Set 3 pcs - white, silver, brown:  A 3 piece high absorption towel set that consists of: Material: 100% Egyptian cotton",N/A
Limestone dashed cotton satin Quilt Set,7820.0,limestone-dashed-cotton-satin-quilt-set,,N/A,https://eg.lilly-home.com//products/limestone-dashed-cotton-satin-quilt-set,2026/02/11 04:44:07 PM,A 100% Egyptian Cotton 400 TC with a satin feel Quilt Set consists of: 1 Cotton-satin Quilt 2 Cushions 2 Pillow Cases (70x50 cm) ,"Limestone dashed cotton satin Quilt Set - silver / Superking/ king (250x270) cm, aqua / Superking/ king (250x270) cm, brown / Superking/ king (250x270) cm: A 100% Egyptian Cotton 400 TC with a satin feel Quilt Set consists of: 1 Cotton-satin Quilt 2 Cushions 2 Pillow Cases (70x50 cm) ",N/A
Limestone lines Towel Set 3 pcs,1880.0,limestone-lines-towel-set-3-pcs,,N/A,https://eg.lilly-home.com//products/limestone-lines-towel-set-3-pcs,2026/02/11 04:44:11 PM, A 3 piece high absorption towel set that consists of: Material: 100% Egyptian cotton,"Limestone lines Towel Set 3 pcs - white, silver, brown:  A 3 piece high absorption towel set that consists of: Material: 100% Egyptian cotton",N/A
Limestone mosiqe Towel Set 3 pcs,1880.0,copy-of-limestone-marble-towel-set-3-pcs,,N/A,https://eg.lilly-home.com//products/copy-of-limestone-marble-towel-set-3-pcs,2026/02/11 04:44:04 PM, A 3 piece high absorption towel set that consists of: Material: 100% Egyptian cotton,"Limestone mosiqe Towel Set 3 pcs - white, Aqua, beige:  A 3 piece high absorption towel set that consists of: Material: 100% Egyptian cotton",N/A
Limestone zigzag cotton satin Quilt Set,7820.0,limestone-zigzag-cotton-satin-quilt-set,,N/A,https://eg.lilly-home.com//products/limestone-zigzag-cotton-satin-quilt-set,2026/02/11 04:44:05 PM,A 100% Egyptian Cotton 400 TC with a satin feel Quilt Set consists of: 1 Cotton-satin Quilt 2 Cushions 2 Pillow Cases (70x50 cm) ,"Limestone zigzag cotton satin Quilt Set - white / Superking/ king (250x270) cm, silver / Superking/ king (250x270) cm, aqua / Superking/ king (250x270) cm, brown / Superking/ king (250x270) cm: A 100% Egyptian Cotton 400 TC with a satin feel Quilt Set consists of: 1 Cotton-satin Quilt 2 Cushions 2 Pillow Cases (70x50 cm) ",N/A
Line leaves (6 pcs) bedsheet,6460.0,line-leaves-aqua,,N/A,https://eg.lilly-home.com//products/line-leaves-aqua,2026/02/11 04:44:17 PM,A 400 thread count cotton 6 piece set that consists of :,"Line leaves (6 pcs) bedsheet - King / Aqua, King / Beige, Queen / Aqua, Queen / Beige: A 400 thread count cotton 6 piece set that consists of :",N/A
Linen Full Flowers Embroidered Table Linen,5180.0,linen-full-flowers-table-cloth,,N/A,https://eg.lilly-home.com//products/linen-full-flowers-table-cloth,2026/02/11 04:44:16 PM,A 100% Pure Linen Embroidered Tablecloth consists of: 1 Pure Linen Embroidered Table Linen cloth ,"Linen Full Flowers Embroidered Table Linen - cafe with white stitching / 8 Persons (180x250), white with gold stitching / 8 Persons (180x250), cafe with gold stitching / 8 Persons (180x250): A 100% Pure Linen Embroidered Tablecloth consists of: 1 Pure Linen Embroidered Table Linen cloth ",N/A
Linen Full Flowers Embroidered Table Linen,5970.0,linen-full-flowers-table-cloth,,N/A,https://eg.lilly-home.com//products/linen-full-flowers-table-cloth,2026/02/11 04:44:16 PM,A 100% Pure Linen Embroidered Tablecloth consists of: 1 Pure Linen Embroidered Table Linen cloth ,"Linen Full Flowers Embroidered Table Linen - cafe with white stitching / 10 Persons (180x350), white with gold stitching / 10 Persons (180x350), cafe with gold stitching / 10 Persons (180x350): A 100% Pure Linen Embroidered Tablecloth consists of: 1 Pure Linen Embroidered Table Linen cloth ",N/A
Linen Pants,1860.0,pants,shopify,N/A,https://eg.lilly-home.com//products/pants,2026/02/11 04:44:13 PM,Material: 100% linen,"Linen Pants - S / Navy Blue, S / Green, S / Pink, S / yellow, M / Navy Blue, M / Green, M / Pink, M / yellow, L / Navy Blue, L / Green, L / Pink, L / yellow: Material: 100% linen",N/A
Linen Pants,2480.0,pants,,N/A,https://eg.lilly-home.com//products/pants,2026/02/11 04:44:13 PM,Material: 100% linen,"Linen Pants - S / White, S / Beige, S / baby blue, M / White, M / Beige, M / baby blue, L / White, L / Beige, L / baby blue: Material: 100% linen",N/A
Linen Short,1080.0,short,,N/A,https://eg.lilly-home.com//products/short,2026/02/11 04:44:22 PM,Product details : Linen,"Linen Short - S / White, S / Beige, S / Pink, M / White, M / Beige, M / Pink, L / White, L / Beige, L / Pink: Product details : Linen",N/A
Linen Striped Flowers Embroidered Table Linen,5180.0,linen-striped-flowers-embroidered-table-linen,,N/A,https://eg.lilly-home.com//products/linen-striped-flowers-embroidered-table-linen,2026/02/11 04:44:23 PM,A 100% Pure Linen Embroidered Tablecloth consists of: 1 Pure Linen Embroidered Table Linen cloth  ,"Linen Striped Flowers Embroidered Table Linen - white with cafe stitching / 8 Persons (180x250), cafe with gold stitching / 8 Persons (180x250): A 100% Pure Linen Embroidered Tablecloth consists of: 1 Pure Linen Embroidered Table Linen cloth  ",N/A
Linen Striped Flowers Embroidered Table Linen,5970.0,linen-striped-flowers-embroidered-table-linen,,N/A,https://eg.lilly-home.com//products/linen-striped-flowers-embroidered-table-linen,2026/02/11 04:44:23 PM,A 100% Pure Linen Embroidered Tablecloth consists of: 1 Pure Linen Embroidered Table Linen cloth  ,"Linen Striped Flowers Embroidered Table Linen - white with cafe stitching / 10 Persons (180x350), cafe with gold stitching / 10 Persons (180x350): A 100% Pure Linen Embroidered Tablecloth consists of: 1 Pure Linen Embroidered Table Linen cloth  ",N/A
Linen border Duvet cover,4620.0,linen-border-duvet-cover,,N/A,https://eg.lilly-home.com//products/linen-border-duvet-cover,2026/02/11 04:44:14 PM,A 100% Egyptian cotton 350 Thread count fine embroidered duvet set consists of : 1 embroidered duvet cover 2 embroidered pillow cases ,"Linen border Duvet cover - Superking (260x240) / white x beige, king (240x220) / white x beige: A 100% Egyptian cotton 350 Thread count fine embroidered duvet set consists of : 1 embroidered duvet cover 2 embroidered pillow cases ",N/A
Marble Leaves Cotton satin Quilt Set,7820.0,marble-leaves-cotton-satin-quilt-set,,N/A,https://eg.lilly-home.com//products/marble-leaves-cotton-satin-quilt-set,2026/02/11 04:44:19 PM,A 100% Egyptian Cotton 600 TC with a Satin feel Quilt Set consists of: 1 Cotton-satin Quilt 2 Cushions 2 Pillow Cases (70x50 cm) ,"Marble Leaves Cotton satin Quilt Set - white / Superking/ king (250x270) cm, off white / Superking/ king (250x270) cm, silver / Superking/ king (250x270) cm: A 100% Egyptian Cotton 600 TC with a Satin feel Quilt Set consists of: 1 Cotton-satin Quilt 2 Cushions 2 Pillow Cases (70x50 cm) ",N/A
New kosrat Duvet cover Set (3pcs),4620.0,new-kosrat-duvet-cover-set-3pcs,,N/A,https://eg.lilly-home.com//products/new-kosrat-duvet-cover-set-3pcs,2026/02/11 04:44:29 PM,A  3 piece400 thread count 100% Egyptian cottonset that consists of :,"New kosrat Duvet cover Set (3pcs) - Super king (260*240) / Silver, King (240*220) / Silver: A  3 piece400 thread count 100% Egyptian cottonset that consists of :",N/A
Night dantel dress,1680.0,night-dantel-dress,,N/A,https://eg.lilly-home.com//products/night-dantel-dress,2026/02/11 04:44:26 PM,Cotton dress lounge wear,"Night dantel dress - small / white, medium / white, large / white: Cotton dress lounge wear",N/A
Nile knitted set,1880.0,nile-knitted-set-copy,,N/A,https://eg.lilly-home.com//products/nile-knitted-set-copy,2026/02/11 04:44:28 PM,"Soft, breathable knit fabric","Nile knitted set - S / baby blue, S / White, S / Beige, M / baby blue, M / White, M / Beige, L / baby blue, L / White, L / Beige: Soft, breathable knit fabric",N/A
Nubian knitted Set,2680.0,nubian-knitted-set,,N/A,https://eg.lilly-home.com//products/nubian-knitted-set,2026/02/11 04:44:25 PM,"Soft, breathable knit fabric Relaxed and flattering fit","Nubian knitted Set - S / White, M / White, L / White: Soft, breathable knit fabric Relaxed and flattering fit",N/A
Over-Sized Hoodie,1280.0,hoodie,,N/A,https://eg.lilly-home.com//products/hoodie,2026/02/11 04:44:32 PM,Feel the comfort with our 100% egyptian cotton,"Over-Sized Hoodie - Small / white, Small / brown, Small / black, Medium / white, Medium / brown, Medium / black, Large / white, Large / brown, Large / black, X Large / white, X Large / brown, X Large / black: Feel the comfort with our 100% egyptian cotton",N/A
Oversized Coat,3280.0,oversized-coat,shopify,N/A,https://eg.lilly-home.com//products/oversized-coat,2026/02/11 04:44:35 PM,Loose-fitting coat with a lapel collar and long sleeves making you feel comfort inside outside your home.,"Oversized Coat - small / white, small / beige, small / brown, small / black, medium / white, medium / beige, medium / brown, medium / black, large / white, large / beige, large / brown, large / black: Loose-fitting coat with a lapel collar and long sleeves making you feel comfort inside outside your home.",N/A
Parachute Pants,1020.0,parachute-pants,shopify,N/A,https://eg.lilly-home.com//products/parachute-pants,2026/02/11 04:44:31 PM,"Soft cotton Parachute pants Timeless comfort, effortless style","Parachute Pants - L / Black: Soft cotton Parachute pants Timeless comfort, effortless style",N/A
Parachute Pants,1280.0,parachute-pants,shopify,N/A,https://eg.lilly-home.com//products/parachute-pants,2026/02/11 04:44:31 PM,"Soft cotton Parachute pants Timeless comfort, effortless style","Parachute Pants - S / Black, M / Black: Soft cotton Parachute pants Timeless comfort, effortless style",N/A
Parallel Towel set (3 pcs),1880.0,parallel-towel-set-6-pcs,,N/A,https://eg.lilly-home.com//products/parallel-towel-set-6-pcs,2026/02/11 04:44:38 PM,A 100% Egyptian Cotton High absorption 3 piece Towel Set contains: 1 Hand Towel (50x30) 1 Face Towel (50x100) 1 Bath Towel (100x160) ,"Parallel Towel set (3 pcs) - grey, aqua: A 100% Egyptian Cotton High absorption 3 piece Towel Set contains: 1 Hand Towel (50x30) 1 Face Towel (50x100) 1 Bath Towel (100x160) ",N/A
Pearl Bangle,420.0,pearl-bangle,,N/A,https://eg.lilly-home.com//products/pearl-bangle,2026/02/11 04:44:37 PM,1Agate Pearl Bangle – Timeless elegance for everyday wear,Pearl Bangle - White / Slim Metal: 1Agate Pearl Bangle – Timeless elegance for everyday wear,N/A
Pearl Bangle,540.0,pearl-bangle,,N/A,https://eg.lilly-home.com//products/pearl-bangle,2026/02/11 04:44:37 PM,1Agate Pearl Bangle – Timeless elegance for everyday wear,Pearl Bangle - White / Standard: 1Agate Pearl Bangle – Timeless elegance for everyday wear,N/A
Pearl Bangle,680.0,pearl-bangle,,N/A,https://eg.lilly-home.com//products/pearl-bangle,2026/02/11 04:44:37 PM,1Agate Pearl Bangle – Timeless elegance for everyday wear,Pearl Bangle - White / Statement: 1Agate Pearl Bangle – Timeless elegance for everyday wear,N/A
Pearl a-symmetric Bangle,420.0,bracelet,,N/A,https://eg.lilly-home.com//products/bracelet,2026/02/11 04:44:34 PM,Agate Stone Bangle – Timeless elegance for everyday wear,"Pearl a-symmetric Bangle - Black / Slim, White / Slim: Agate Stone Bangle – Timeless elegance for everyday wear",N/A
Pearl a-symmetric Bangle,540.0,bracelet,,N/A,https://eg.lilly-home.com//products/bracelet,2026/02/11 04:44:34 PM,Agate Stone Bangle – Timeless elegance for everyday wear,"Pearl a-symmetric Bangle - Black / Standard, White / Standard: Agate Stone Bangle – Timeless elegance for everyday wear",N/A
Pearl a-symmetric Bangle,680.0,bracelet,,N/A,https://eg.lilly-home.com//products/bracelet,2026/02/11 04:44:34 PM,Agate Stone Bangle – Timeless elegance for everyday wear,"Pearl a-symmetric Bangle - Black / Statement, White / Statement: Agate Stone Bangle – Timeless elegance for everyday wear",N/A
Plain Duvet Cover (3pcs),2590.0,plain-duvet-cover-3pcs,,N/A,https://eg.lilly-home.com//products/plain-duvet-cover-3pcs,2026/02/11 04:44:46 PM,A 400 thread count cotton 3 piece set that consists of :,"Plain Duvet Cover (3pcs) - Single / white, Single / Baby Blue, Single / Lilac, Single / Pastel Green: A 400 thread count cotton 3 piece set that consists of :",N/A
Plain Duvet Cover (3pcs),3480.0,plain-duvet-cover-3pcs,,N/A,https://eg.lilly-home.com//products/plain-duvet-cover-3pcs,2026/02/11 04:44:46 PM,A 400 thread count cotton 3 piece set that consists of :,"Plain Duvet Cover (3pcs) - King / white, King / Baby Blue, King / Lilac, King / Pastel Green, Queen / white, Queen / Baby Blue, Queen / Lilac, Queen / Pastel Green: A 400 thread count cotton 3 piece set that consists of :",N/A
Printed Duvet cover Set (3pcs),3680.0,printed-duvet-cover-set-3pcs,shopify,N/A,https://eg.lilly-home.com//products/printed-duvet-cover-set-3pcs,2026/02/11 04:44:41 PM,A  3 piece400 thread count 100% egyptian cottonset that consists of :,"Printed Duvet cover Set (3pcs) - king / white, king / beige, queen / white, queen / beige: A  3 piece400 thread count 100% egyptian cottonset that consists of :",N/A
Printed Leaves Bedsheet set (350 TC),2420.0,printed-leaves-bedsheet-set-350-tc,shopify,N/A,https://eg.lilly-home.com//products/printed-leaves-bedsheet-set-350-tc,2026/02/11 04:44:43 PM,A 100% Egyptian cotton 350 Thread count fine Bedsheet set consists of : 1  Bedsheet (350 TC) 2 pillow cases (350 TC) (50x70 cm) ,"Printed Leaves Bedsheet set (350 TC) - single / white, single / beige: A 100% Egyptian cotton 350 Thread count fine Bedsheet set consists of : 1  Bedsheet (350 TC) 2 pillow cases (350 TC) (50x70 cm) ",N/A
Printed Leaves Bedsheet set (350 TC),2620.0,printed-leaves-bedsheet-set-350-tc,shopify,N/A,https://eg.lilly-home.com//products/printed-leaves-bedsheet-set-350-tc,2026/02/11 04:44:43 PM,A 100% Egyptian cotton 350 Thread count fine Bedsheet set consists of : 1  Bedsheet (350 TC) 2 pillow cases (350 TC) (50x70 cm) ,"Printed Leaves Bedsheet set (350 TC) - Superking (260x240) / white, Superking (260x240) / beige, king (220x240) / white, king (220x240) / beige, queen (220x240) / white, queen (220x240) / beige, double / white, double / beige: A 100% Egyptian cotton 350 Thread count fine Bedsheet set consists of : 1  Bedsheet (350 TC) 2 pillow cases (350 TC) (50x70 cm) ",N/A
Rattan Basket,850.0,ratan-basket,shopify,N/A,https://eg.lilly-home.com//products/ratan-basket,2026/02/11 04:44:44 PM,Handmade Rattan-Wooden basket ,"Rattan Basket - black, beige: Handmade Rattan-Wooden basket ",N/A
Rattan Tray,490.0,ratan-tray,shopify,N/A,https://eg.lilly-home.com//products/ratan-tray,2026/02/11 04:44:40 PM,handmade wooden rattan tray,"Rattan Tray - beige / rectangular, beige / hexagon, black / rectangular, black / hexagon: handmade wooden rattan tray",N/A
Red Feston Duvet cover,4620.0,red-x-duvet-cover,,N/A,https://eg.lilly-home.com//products/red-x-duvet-cover,2026/02/11 04:44:48 PM,A 100% Egyptian cotton 350 Thread count fine embroidered duvet set consists of : 1 embroidered duvet cover 2 embroidered pillow cases ,"Red Feston Duvet cover - Superking (260x240) / White x Red, king (240x220) / White x Red: A 100% Egyptian cotton 350 Thread count fine embroidered duvet set consists of : 1 embroidered duvet cover 2 embroidered pillow cases ",N/A
Retro Heart Towel set (3 pcs),1880.0,retro-heart-towel-set-6-pcs,,N/A,https://eg.lilly-home.com//products/retro-heart-towel-set-6-pcs,2026/02/11 04:44:50 PM,A 100% Egyptian Cotton High absorption 3 piece Towel Set contains: 1 Hand Towel (50x30) 1 Face Towel (50x100) 1 Bath Towel (100x160) ,"Retro Heart Towel set (3 pcs) - beige, silver: A 100% Egyptian Cotton High absorption 3 piece Towel Set contains: 1 Hand Towel (50x30) 1 Face Towel (50x100) 1 Bath Towel (100x160) ",N/A
Retro circluar glass vase,480.0,retro-circluar-glass-vase,shopify,N/A,https://eg.lilly-home.com//products/retro-circluar-glass-vase,2026/02/11 04:44:56 PM,Material : Handmade glass,"Retro circluar glass vase - Baby Blue, Lilac, Pastel Green: Material : Handmade glass",N/A
Retro cup glass vase,420.0,retro-glass-vase,shopify,N/A,https://eg.lilly-home.com//products/retro-glass-vase,2026/02/11 04:44:54 PM,Material : Handmade glass,"Retro cup glass vase - Baby Blue, Lilac, Pastel Green: Material : Handmade glass",N/A
Retro cylinder glass vase,420.0,retro-cylind-glass-vase,shopify,N/A,https://eg.lilly-home.com//products/retro-cylind-glass-vase,2026/02/11 04:44:52 PM,Material : Handmade glass,"Retro cylinder glass vase - Baby Blue, Lilac, Pastel Green: Material : Handmade glass",N/A
Retro glass vase,420.0,retro-glass-vase-1,shopify,N/A,https://eg.lilly-home.com//products/retro-glass-vase-1,2026/02/11 04:44:49 PM,Material : Handmade glass,"Retro glass vase - Baby Blue, Lilac, Pastel Green: Material : Handmade glass",N/A
Sambox Bedspread,2880.0,sambox-beadspread,,N/A,https://eg.lilly-home.com//products/sambox-beadspread,2026/02/11 04:44:53 PM,A 100% Egyptian cotton Soft feel BedSpread,"Sambox Bedspread - superking / white, superking / off white, superking / silver, superking / cafe, superking / aqua, superking / grey, King / white, King / off white, King / silver, King / cafe, King / aqua, King / grey, double / white, double / off white, double / silver, double / cafe, double / aqua, double / grey: A 100% Egyptian cotton Soft feel BedSpread",N/A
Satin Pijama Set,1250.0,satin-pijama-set,shopify,N/A,https://eg.lilly-home.com//products/satin-pijama-set,2026/02/11 04:44:58 PM,A 3 piece set consists of: Top Short Robe Material: Satin,"Satin Pijama Set - S / Silver, M / Silver, L / Silver: A 3 piece set consists of: Top Short Robe Material: Satin",N/A
Silk Bra,420.0,silk-bra,shopify,N/A,https://eg.lilly-home.com//products/silk-bra,2026/02/11 04:44:59 PM,silk bra ,"Silk Bra - Small / Off white, Small / Brown, Medium / Off white, Medium / Brown, Large / Off white, Large / Brown: silk bra ",N/A
Silk Pijama set,1450.0,silk-pijama-set,shopify,N/A,https://eg.lilly-home.com//products/silk-pijama-set,2026/02/11 04:45:03 PM,Enjoy your sleep with our soft pijama -Top -Pants,"Silk Pijama set - Small / Off white, Small / Brown, Medium / Off white, Medium / Brown, Large / Off white, Large / Brown: Enjoy your sleep with our soft pijama -Top -Pants",N/A
Socks,470.0,socks,shopify,N/A,https://eg.lilly-home.com//products/socks,2026/02/11 04:45:01 PM,cozy wool socks,"Socks - Off-white, Beige, Grey, Coal, Black: cozy wool socks",N/A
Spring Bridal Leaves Bedspread,3480.0,spring-bridal-leaves-bedspread,,N/A,https://eg.lilly-home.com//products/spring-bridal-leaves-bedspread,2026/02/11 04:45:02 PM,A 100% Egyptian cotton Soft feel BedSpread,"Spring Bridal Leaves Bedspread - baby blue, Pink: A 100% Egyptian cotton Soft feel BedSpread",N/A
Spring Plain Duvet cover set (350 TC),3880.0,spirng-plain-duvet-cover-set-350-tc,,N/A,https://eg.lilly-home.com//products/spirng-plain-duvet-cover-set-350-tc,2026/02/11 04:45:08 PM,A 100% Egyptian cotton 350 Thread count fine Duvet cover set consists of : 1  Duvet cover (350 TC) 2 pillow cases (350 TC) (50x70 cm) ,"Spring Plain Duvet cover set (350 TC) - Superking (260x240) / baby blue, Superking (260x240) / pink, king (220x240) / baby blue, king (220x240) / pink: A 100% Egyptian cotton 350 Thread count fine Duvet cover set consists of : 1  Duvet cover (350 TC) 2 pillow cases (350 TC) (50x70 cm) ",N/A
Squares Bedspread,2900.0,squares-bedspread,,N/A,https://eg.lilly-home.com//products/squares-bedspread,2026/02/11 04:45:07 PM,A one piece 100% Egyptian cotton bedspread stuffed with cotton 250 x 270 cm,"Squares Bedspread - White, silver, Cafe, Beige, Aqua, Black, genzari: A one piece 100% Egyptian cotton bedspread stuffed with cotton 250 x 270 cm",N/A
Stars Jacquard  Duvet cover Set (3pcs),7480.0,stars-jacquard-duvet-cover-set-3pcs,,N/A,https://eg.lilly-home.com//products/stars-jacquard-duvet-cover-set-3pcs,2026/02/11 04:45:09 PM, A  3 piece400 thread count 100% egyptian cottonset that consists of :,"Stars Jacquard  Duvet cover Set (3pcs) - king / White, queen / White:  A  3 piece400 thread count 100% egyptian cottonset that consists of :",N/A
Steps Cotton satin Quilt Set,7820.0,steps-cotton-satin-quilt-set,,N/A,https://eg.lilly-home.com//products/steps-cotton-satin-quilt-set,2026/02/11 04:45:14 PM,A 100% Egyptian Cotton 600 TC with a Satin feel Quilt Set consists of: 1 Cotton-satin Quilt 2 Cushions 2 Pillow Cases (70x50 cm) ,"Steps Cotton satin Quilt Set - white / Superking/king (250x270) cm, Beige / Superking/king (250x270) cm: A 100% Egyptian Cotton 600 TC with a Satin feel Quilt Set consists of: 1 Cotton-satin Quilt 2 Cushions 2 Pillow Cases (70x50 cm) ",N/A
Stone Beaded Necklace,780.0,stone-beaded-necklace,,N/A,https://eg.lilly-home.com//products/stone-beaded-necklace,2026/02/11 04:45:18 PM,Agate Beaded Necklace – Timeless elegance for everyday wear,"Stone Beaded Necklace - Red, Beige, Black: Agate Beaded Necklace – Timeless elegance for everyday wear",N/A
Stone Brown Belt,890.0,stone-brown-belt,,N/A,https://eg.lilly-home.com//products/stone-brown-belt,2026/02/11 04:45:13 PM,Agate Brown belt – Timeless elegance for everyday wear,"Stone Brown Belt - Brown, Black: Agate Brown belt – Timeless elegance for everyday wear",N/A
Stone flowers Duvet cover,5620.0,stone-flowers-duvet-cover-copy,,N/A,https://eg.lilly-home.com//products/stone-flowers-duvet-cover-copy,2026/02/11 04:45:12 PM,A 100% Egyptian cotton 350 Thread count fine embroidered duvet set consists of : 1 embroidered duvet cover 2 embroidered pillow cases ,"Stone flowers Duvet cover - Superking (260x240) / White, king (240x220) / White: A 100% Egyptian cotton 350 Thread count fine embroidered duvet set consists of : 1 embroidered duvet cover 2 embroidered pillow cases ",N/A
Stones Duvet cover,5620.0,stones-duvet-cover,,N/A,https://eg.lilly-home.com//products/stones-duvet-cover,2026/02/11 04:45:17 PM,A 100% Egyptian cotton 350 Thread count fine embroidered duvet set consists of : 1 embroidered duvet cover 2 embroidered pillow cases ,"Stones Duvet cover - Superking (260x240) / White, Superking (260x240) / Brown, king (240x220) / White, king (240x220) / Brown: A 100% Egyptian cotton 350 Thread count fine embroidered duvet set consists of : 1 embroidered duvet cover 2 embroidered pillow cases ",N/A
Strappy Crochet set,1680.0,strappy-crochet-set-copy,,N/A,https://eg.lilly-home.com//products/strappy-crochet-set-copy,2026/02/11 04:45:23 PM,2 pieces cottonlounge wear :-,"Strappy Crochet set - small / Baby Blue, small / Pink, small / White, medium / Baby Blue, medium / Pink, medium / White, large / Baby Blue, large / Pink, large / White: 2 pieces cottonlounge wear :-",N/A
Striped Bath mat,980.0,striped-bath-mat,shopify,N/A,https://eg.lilly-home.com//products/striped-bath-mat,2026/02/11 04:45:26 PM,100% egyptian cotton,"Striped Bath mat - Aqua, Beige, Grey: 100% egyptian cotton",N/A
Striped Set,1880.0,stripes-set-copy,,N/A,https://eg.lilly-home.com//products/stripes-set-copy,2026/02/11 04:45:25 PM,breathable lounge wear perfect for a day out -top -Pants,"Striped Set - Pink / Small, Pink / Medium, Pink / Large, Baby blue / Small, Baby blue / Medium, Baby blue / Large, Coal / Small, Coal / Medium, Coal / Large: breathable lounge wear perfect for a day out -top -Pants",N/A
Stripes Bedsheet set,2420.0,stripes-bedsheet-set,,N/A,https://eg.lilly-home.com//products/stripes-bedsheet-set,2026/02/11 04:45:21 PM,A 100% Egyptian cotton 350 Thread count fine Bedsheet set consists of : 1  Bedsheet (350 TC) 2 pillow cases (350 TC) (50x70 cm) ,"Stripes Bedsheet set - double / stripes, single / stripes: A 100% Egyptian cotton 350 Thread count fine Bedsheet set consists of : 1  Bedsheet (350 TC) 2 pillow cases (350 TC) (50x70 cm) ",N/A
Stripes Bedsheet set,2620.0,stripes-bedsheet-set,,N/A,https://eg.lilly-home.com//products/stripes-bedsheet-set,2026/02/11 04:45:21 PM,A 100% Egyptian cotton 350 Thread count fine Bedsheet set consists of : 1  Bedsheet (350 TC) 2 pillow cases (350 TC) (50x70 cm) ,"Stripes Bedsheet set - Superking (260x240) / stripes, king (220x240) / stripes, queen (220x240) / stripes: A 100% Egyptian cotton 350 Thread count fine Bedsheet set consists of : 1  Bedsheet (350 TC) 2 pillow cases (350 TC) (50x70 cm) ",N/A
Stripes Duvet cover,3680.0,stripes-duvet-cover,,N/A,https://eg.lilly-home.com//products/stripes-duvet-cover,2026/02/11 04:45:22 PM,A 100% Egyptian cotton 350 Thread count fine Duvet cover set consists of : 1  Duvet cover (350 TC) 2 pillow cases (350 TC) (50x70 cm) ,"Stripes Duvet cover - Superking (260x240) / stripes, king (220x240) / stripes: A 100% Egyptian cotton 350 Thread count fine Duvet cover set consists of : 1  Duvet cover (350 TC) 2 pillow cases (350 TC) (50x70 cm) ",N/A
Stripes fur throw,2790.0,stripes-fur-throw,,N/A,https://eg.lilly-home.com//products/stripes-fur-throw,2026/02/11 04:45:28 PM, A one piece knitted wool throw 150 x 230 cm,"Stripes fur throw - White, Cafe, Black:  A one piece knitted wool throw 150 x 230 cm",N/A
Tank Top,680.0,tank-top,shopify,N/A,https://eg.lilly-home.com//products/tank-top,2026/02/11 04:45:29 PM,Tank Top Cotton 100%,"Tank Top - Small / White, Small / Black, Small / Brown, Medium / White, Medium / Black, Medium / Brown, Large / White, Large / Black, Large / Brown: Tank Top Cotton 100%",N/A
Thin border (3 pcs) bedsheet,3780.0,thin-boarder-bedsheet,,N/A,https://eg.lilly-home.com//products/thin-boarder-bedsheet,2026/02/11 04:45:31 PM,A 400 thread count cotton 3 piece set that consists of :,"Thin border (3 pcs) bedsheet - Beige / King, Beige / Queen, Beige / Single, Baby blue / King, Baby blue / Queen, Baby blue / Single, Pastel Green / King, Pastel Green / Queen, Pastel Green / Single, Lilac / King, Lilac / Queen, Lilac / Single: A 400 thread count cotton 3 piece set that consists of :",N/A
Tree Leaves Duvet Cover,4620.0,tree-leaves-duvet-cover,,N/A,https://eg.lilly-home.com//products/tree-leaves-duvet-cover,2026/02/11 04:45:33 PM,A 100% Egyptian cotton 350 Thread count fine embroidered duvet set consists of : 1 embroidered duvet cover 2 embroidered pillow cases ,"Tree Leaves Duvet Cover - Superking (260x240) / white, king (240x220) / white: A 100% Egyptian cotton 350 Thread count fine embroidered duvet set consists of : 1 embroidered duvet cover 2 embroidered pillow cases ",N/A
Trees Printed Duvet cover Set (3pcs),3680.0,trees-printed-duvet-cover-set-3pcs,,N/A,https://eg.lilly-home.com//products/trees-printed-duvet-cover-set-3pcs,2026/02/11 04:45:37 PM, A  3 piece400 thread count 100% egyptian cottonset that consists of :,"Trees Printed Duvet cover Set (3pcs) - king / White x Brown, king / White x Coal, queen / White x Brown, queen / White x Coal:  A  3 piece400 thread count 100% egyptian cottonset that consists of :",N/A
Trench belted Coat,3280.0,trench-coat,,N/A,https://eg.lilly-home.com//products/trench-coat,2026/02/11 04:45:34 PM,Trench coat made of wool fabric. Oversized featuring a lapel collar and long sleeves making you feel comfort inside outside your home.,"Trench belted Coat - small / white, small / aqua, small / brown, small / black, medium / white, medium / aqua, medium / brown, medium / black, large / white, large / aqua, large / brown, large / black: Trench coat made of wool fabric. Oversized featuring a lapel collar and long sleeves making you feel comfort inside outside your home.",N/A
Tulip Printed Duvet cover Set (3pcs),3680.0,tulip-printed-duvet-cover-set-3pcs,,N/A,https://eg.lilly-home.com//products/tulip-printed-duvet-cover-set-3pcs,2026/02/11 04:45:40 PM, A  3 piece400 thread count 100% egyptian cottonset that consists of :,"Tulip Printed Duvet cover Set (3pcs) - king / Baby blue, king / Dust Rose, queen / Baby blue, queen / Dust Rose:  A  3 piece400 thread count 100% egyptian cottonset that consists of :",N/A
Tulip Printed Leaves Bedsheet set (350 TC),2420.0,printed-leaves-bedsheet-set-350-tc-1,,N/A,https://eg.lilly-home.com//products/printed-leaves-bedsheet-set-350-tc-1,2026/02/11 04:45:36 PM,A 100% Egyptian cotton 350 Thread count fine Bedsheet set consists of : 1  Bedsheet (350 TC) 2 pillow cases (350 TC) (50x70 cm) ,"Tulip Printed Leaves Bedsheet set (350 TC) - double / Baby blue, double / dust rose, single / Baby blue, single / dust rose: A 100% Egyptian cotton 350 Thread count fine Bedsheet set consists of : 1  Bedsheet (350 TC) 2 pillow cases (350 TC) (50x70 cm) ",N/A
Tulip Printed Leaves Bedsheet set (350 TC),2620.0,printed-leaves-bedsheet-set-350-tc-1,,N/A,https://eg.lilly-home.com//products/printed-leaves-bedsheet-set-350-tc-1,2026/02/11 04:45:36 PM,A 100% Egyptian cotton 350 Thread count fine Bedsheet set consists of : 1  Bedsheet (350 TC) 2 pillow cases (350 TC) (50x70 cm) ,"Tulip Printed Leaves Bedsheet set (350 TC) - Superking (260x240) / Baby blue, Superking (260x240) / dust rose, king (220x240) / Baby blue, king (220x240) / dust rose, queen (220x240) / Baby blue, queen (220x240) / dust rose: A 100% Egyptian cotton 350 Thread count fine Bedsheet set consists of : 1  Bedsheet (350 TC) 2 pillow cases (350 TC) (50x70 cm) ",N/A
Two lines frame bedsheet,6460.0,mws_apo_1_two-linen-frame-grey-1,,N/A,https://eg.lilly-home.com//products/mws_apo_1_two-linen-frame-grey-1,2026/02/11 04:45:43 PM,400 thread count 100% egyptian cottonset that consists of :,"Two lines frame bedsheet - King / Beige, King / grey, Queen / Beige, Queen / grey: 400 thread count 100% egyptian cottonset that consists of :",N/A
Vintage Flower Printed Duvet cover Set (3pcs),3680.0,trees-printed-duvet-cover-set-3pcs-copy,,N/A,https://eg.lilly-home.com//products/trees-printed-duvet-cover-set-3pcs-copy,2026/02/11 04:45:42 PM, A  3 piece400 thread count 100% egyptian cottonset that consists of :,"Vintage Flower Printed Duvet cover Set (3pcs) - king / White x Brown, king / White x Coal, queen / White x Brown, queen / White x Coal:  A  3 piece400 thread count 100% egyptian cottonset that consists of :",N/A
Viscose Pyjama set,2280.0,silk-pyjama-set,,N/A,https://eg.lilly-home.com//products/silk-pyjama-set,2026/02/11 04:45:47 PM,2 pieces Silklounge wear :-,"Viscose Pyjama set - small / White, small / Beige, small / Dust Rose, medium / White, medium / Beige, medium / Dust Rose, large / White, large / Beige, large / Dust Rose: 2 pieces Silklounge wear :-",N/A
Washed Crochet Bedsheet set,6460.0,washed-crochet-bedsheet-set-copy,,N/A,https://eg.lilly-home.com//products/washed-crochet-bedsheet-set-copy,2026/02/11 04:45:46 PM, A  6 piece400 thread count 100% egyptian cottonset that consists of :,"Washed Crochet Bedsheet set - king / white, queen / white:  A  6 piece400 thread count 100% egyptian cottonset that consists of :",N/A
Waves Towel set (3 pcs),1880.0,waves-towel-set-6-pcs,,N/A,https://eg.lilly-home.com//products/waves-towel-set-6-pcs,2026/02/11 04:45:45 PM,A 100% Egyptian Cotton High absorption 3 piece Towel Set contains: 1 Hand Towel (50x30) 1 Face Towel (50x100) 1 Bath Towel (100x160) ,"Waves Towel set (3 pcs) - aqua, beige, grey, silver: A 100% Egyptian Cotton High absorption 3 piece Towel Set contains: 1 Hand Towel (50x30) 1 Face Towel (50x100) 1 Bath Towel (100x160) ",N/A
White Top,1020.0,white-top,shopify,N/A,https://eg.lilly-home.com//products/white-top,2026/02/11 04:45:51 PM,"Soft cotton White top Timeless comfort, effortless style","White Top - S / White, M / White, L / White: Soft cotton White top Timeless comfort, effortless style",N/A
Zigzag Bedspread,1490.0,zigzag-bedspread-1,,N/A,https://eg.lilly-home.com//products/zigzag-bedspread-1,2026/02/11 04:45:53 PM,A one piece 100% cotton bedspread,"Zigzag Bedspread - white, beige, cafe, brown, aqua, grey: A one piece 100% cotton bedspread",N/A
Zigzag Cotton Tablecloth,3700.0,zigzag-cotton-table-linen-1,,N/A,https://eg.lilly-home.com//products/zigzag-cotton-table-linen-1,2026/02/11 04:45:54 PM,A 100% Egyptian Cotton Tablecloth  ,"Zigzag Cotton Tablecloth - white / 8 Persons (180x250), white / 10 Persons (180x350), Cafe / 8 Persons (180x250), Cafe / 10 Persons (180x350): A 100% Egyptian Cotton Tablecloth  ",N/A
Zigzag Jacquard Towel,480.0,squares-jacquard-towel-copy,,N/A,https://eg.lilly-home.com//products/squares-jacquard-towel-copy,2026/02/11 04:45:55 PM,100% egyptian cotton sizes: Hand Towel: 50x100   cm Face Towel:  70x140   cm Bath Towel:  100x160 cm,"Zigzag Jacquard Towel - Hand towel / White, Hand towel / Beige, Hand towel / Brown, Hand towel / Coal: 100% egyptian cotton sizes: Hand Towel: 50x100   cm Face Towel:  70x140   cm Bath Towel:  100x160 cm",N/A
Zigzag Jacquard Towel,740.0,squares-jacquard-towel-copy,,N/A,https://eg.lilly-home.com//products/squares-jacquard-towel-copy,2026/02/11 04:45:55 PM,100% egyptian cotton sizes: Hand Towel: 50x100   cm Face Towel:  70x140   cm Bath Towel:  100x160 cm,"Zigzag Jacquard Towel - Face Towel / White, Face Towel / Beige, Face Towel / Brown, Face Towel / Coal: 100% egyptian cotton sizes: Hand Towel: 50x100   cm Face Towel:  70x140   cm Bath Towel:  100x160 cm",N/A
Zigzag Jacquard Towel,980.0,squares-jacquard-towel-copy,,N/A,https://eg.lilly-home.com//products/squares-jacquard-towel-copy,2026/02/11 04:45:55 PM,100% egyptian cotton sizes: Hand Towel: 50x100   cm Face Towel:  70x140   cm Bath Towel:  100x160 cm,"Zigzag Jacquard Towel - Bath Towel / White, Bath Towel / Beige, Bath Towel / Brown, Bath Towel / Coal: 100% egyptian cotton sizes: Hand Towel: 50x100   cm Face Towel:  70x140   cm Bath Towel:  100x160 cm",N/A
Zigzag Knitted throw,2400.0,zigzag-knitted-throw-copy,,N/A,https://eg.lilly-home.com//products/zigzag-knitted-throw-copy,2026/02/11 04:45:57 PM, A one piece knitted wool throw 150 x 230 cm,"Zigzag Knitted throw - Beige, Cafe, Coal, Black:  A one piece knitted wool throw 150 x 230 cm",N/A
black frame linen pants,2480.0,black-frame-linen-top-copy,,N/A,https://eg.lilly-home.com//products/black-frame-linen-top-copy,2026/02/11 04:41:19 PM,100% Pure linen pants with Black frame,"black frame linen pants - small / white, medium / white, large / white: 100% Pure linen pants with Black frame",N/A
black frame linen top,2680.0,black-line-linen-set,,N/A,https://eg.lilly-home.com//products/black-line-linen-set,2026/02/11 04:41:16 PM,100% Pure linen top with Black frame,"black frame linen top - small / white, medium / white, large / white: 100% Pure linen top with Black frame",N/A
bricks duvet cover Set (3pcs),4620.0,bricks-duvet-cover-set-3pcs,,N/A,https://eg.lilly-home.com//products/bricks-duvet-cover-set-3pcs,2026/02/11 04:41:28 PM, A  3 piece400 thread count 100% egyptian cottonset that consists of :,"bricks duvet cover Set (3pcs) - king / white, queen / white:  A  3 piece400 thread count 100% egyptian cottonset that consists of :",N/A
corniche duvet cover Set (3pcs),4620.0,corniche-duvet-cover-set-3pcs,,N/A,https://eg.lilly-home.com//products/corniche-duvet-cover-set-3pcs,2026/02/11 04:42:02 PM,A  3 piece400 thread count 100% egyptian cottonset that consists of :,"corniche duvet cover Set (3pcs) - king / white, queen / white: A  3 piece400 thread count 100% egyptian cottonset that consists of :",N/A
jogging pants,1280.0,jogging-pants,shopify,N/A,https://eg.lilly-home.com//products/jogging-pants,2026/02/11 04:43:24 PM,Feel the comfort with our 100% egyptian cotton pants,"jogging pants - Small / White, Small / Brown, Small / Black, Medium / White, Medium / Brown, Medium / Black, Large / White, Large / Brown, Large / Black, X Large / White, X Large / Brown, X Large / Black: Feel the comfort with our 100% egyptian cotton pants",N/A
knitted Set,2280.0,knitted-set,shopify,N/A,https://eg.lilly-home.com//products/knitted-set,2026/02/11 04:43:35 PM,2 pieces knittedlounge wear set :-,"knitted Set - small / white, small / Beige, medium / white, medium / Beige, large / white, large / Beige: 2 pieces knittedlounge wear set :-",N/A
lines duvet cover Set (3pcs),4620.0,lines-duvet-cover-set-3pcs,,N/A,https://eg.lilly-home.com//products/lines-duvet-cover-set-3pcs,2026/02/11 04:44:20 PM, A  3 piece400 thread count 100% egyptian cottonset that consists of :,"lines duvet cover Set (3pcs) - king / white, king / brown, queen / white, queen / brown:  A  3 piece400 thread count 100% egyptian cottonset that consists of :",N/A
stones duvet cover Set (3pcs),4620.0,stones-duvet-cover-set-3pcs,,N/A,https://eg.lilly-home.com//products/stones-duvet-cover-set-3pcs,2026/02/11 04:45:16 PM, A  3 piece400 thread count 100% egyptian cottonset that consists of :,"stones duvet cover Set (3pcs) - king / white, king / beige, queen / white, queen / beige:  A  3 piece400 thread count 100% egyptian cottonset that consists of :",N/A
tri duvet cover Set (3pcs),4620.0,tri-duvet-cover-set-3pcs,,N/A,https://eg.lilly-home.com//products/tri-duvet-cover-set-3pcs,2026/02/11 04:45:38 PM,A  3 piece400 thread count 100% egyptian cottonset that consists of :,"tri duvet cover Set (3pcs) - king / white, king / brown, queen / white, queen / brown: A  3 piece400 thread count 100% egyptian cottonset that consists of :",N/A
zigzag 78 Towel set (3 pcs),1880.0,zigzag-78-towel-set-6-pcs,,N/A,https://eg.lilly-home.com//products/zigzag-78-towel-set-6-pcs,2026/02/11 04:45:49 PM,A 100% Egyptian Cotton High absorption 3 piece Towel Set contains: 1 Hand Towel (50x30) 1 Face Towel (50x100) 1 Bath Towel (100x160) ,"zigzag 78 Towel set (3 pcs) - white, silver, cafe, grey: A 100% Egyptian Cotton High absorption 3 piece Towel Set contains: 1 Hand Towel (50x30) 1 Face Towel (50x100) 1 Bath Towel (100x160) ",N/A
