Product,Variant,Price,Handle,Variant ID,Availability,SKU,Product URL,Scraped at,Description
Calligraphy - Duvet set,King / White,14495.0,calligraphy-duvet-set,46336742719779,False,672b94526d860,https://hebalinens.com/products/calligraphy-duvet-set,2026/02/01 03:57:54 PM,"A beautiful tribute to the legendary singer Om Kolthoum, this Calligraphy duvet set is a representation of her timeless lyrics, made with 100% Fine Egyptian Giza Cotton and 600 TC Cotton Satin. You'll be touched by the sentiment and comforted by the quality.
Set consists of:
1 embroidered duvet cover
2 embroidered pillow cases
2 plain pillow cases
1 flat sheet"
Calligraphy - Bath Mat Set,White,4295.0,calligraphy-bath-mat-set,46635615027491,False,672b9451e4a21,https://hebalinens.com/products/calligraphy-bath-mat-set,2026/02/01 03:57:56 PM,"Step onto the luxurious comfort of this Calligraphy Bath Mat Set and feel the rhythm of Om Kolthoum's beautiful lyrics. With its thick cushion and embroidery, you'll enjoy comfort and delight in every step. Relax and indulge in a luxurious bathing experience!
Set consists of:
2 rectangular bathmats
2 rounded side bathmats"
Astronauts - Swaddle Towel sets,White,995.0,astronauts-swaddle-towel-sets,46383258698019,False,672b9440b801c,https://hebalinens.com/products/astronauts-swaddle-towel-sets,2026/02/01 03:57:58 PM,"Snuggle your little space explorer with our Astronauts Swaddle Towel sets! Super-absorbent and with an adorable astronaut design, our towels wrap your baby in luxurious comfort and security. Make memories of hugs and love each morning they wake up! Let your baby explore the universe in style!
Material: 100% cotton
Set consists of:
1 swaddle towel with hoodie size 100cm x 100cm
1 towel size 50cm width x 70cm length"
Astronauts - Swaddle Towel sets,Cream,995.0,astronauts-swaddle-towel-sets,46383258763555,True,672b943fec8b4,https://hebalinens.com/products/astronauts-swaddle-towel-sets,2026/02/01 03:57:58 PM,"Snuggle your little space explorer with our Astronauts Swaddle Towel sets! Super-absorbent and with an adorable astronaut design, our towels wrap your baby in luxurious comfort and security. Make memories of hugs and love each morning they wake up! Let your baby explore the universe in style!
Material: 100% cotton
Set consists of:
1 swaddle towel with hoodie size 100cm x 100cm
1 towel size 50cm width x 70cm length"
Flow - Towel Set,White,2195.0,flow-towels-set,46867430703395,False,672b95f9ce279,https://hebalinens.com/products/flow-towels-set,2026/02/01 03:58:01 PM,"Experience the best of both worlds—the luxurious softness of 100% cotton and the elegant elegance of a simple classical embroidery—with our Flow - Towel Set. Reinvigorate yourself after a shower and feel an entirely new kind of comfort.
Set consists of
1 Bath towel
2 Hand towels"
Flow - Towel Set,Grey,2195.0,flow-towels-set,46867430768931,False,672b95f9218be,https://hebalinens.com/products/flow-towels-set,2026/02/01 03:58:01 PM,"Experience the best of both worlds—the luxurious softness of 100% cotton and the elegant elegance of a simple classical embroidery—with our Flow - Towel Set. Reinvigorate yourself after a shower and feel an entirely new kind of comfort.
Set consists of
1 Bath towel
2 Hand towels"
Bra and Underwear bag,White / 60 L X 40 W,395.0,bra-and-underwear-bag,46353877205283,True,672b944f4d8e4,https://hebalinens.com/products/bra-and-underwear-bag,2026/02/01 03:58:05 PM,Pack and travel in style with this designer Bra and Underwear bag. Keep your essentials organized and secure while you’re on the go.
Farashat - Bath Mat Set,White,2395.0,farashat-bathmat-set-2pcs,45686449307939,False,672b95c9b8b46,https://hebalinens.com/products/farashat-bathmat-set-2pcs,2026/02/01 03:58:07 PM,"Embellish your bathroom with this 100% cotton bathmat set, featuring beautiful golden butterflies. With its cushioned feel and graceful design, it's an ideal addition to your home, enhancing your comfort and style.
Set consists of:
2 rectangular bathmats"
Farashat - Bath Mat Set,Cream,2395.0,farashat-bathmat-set-2pcs,45686449340707,False,672b95c90ae23,https://hebalinens.com/products/farashat-bathmat-set-2pcs,2026/02/01 03:58:07 PM,"Embellish your bathroom with this 100% cotton bathmat set, featuring beautiful golden butterflies. With its cushioned feel and graceful design, it's an ideal addition to your home, enhancing your comfort and style.
Set consists of:
2 rectangular bathmats"
Ballerina - Duvet set,White,6395.0,ballerina-duvet-set,46381754384675,True,672b9442c140d,https://hebalinens.com/products/ballerina-duvet-set,2026/02/01 03:58:08 PM,"Let your dreams take flight with this Ballerina Duvet set! Soft and luxurious Egyptian cotton creates an ethereal haven fit for dancing the night away. Experience the comfort and beauty of your passion in the finest of materials.
100% fine Egyptian cotton 200TC
Set consists of:
1 embroidered duvet cover
1 plain pillow case
1 embroidered pillow case
1 flat sheet"
Esprit - Towel Set,White,1795.0,esprit-towels-set-3pcs,45685065548067,True,672b95a27e13f,https://hebalinens.com/products/esprit-towels-set-3pcs,2026/02/01 03:58:09 PM,"Make a statement with the Esprit towels set! This beautifully designed set is adorned with green leaves and crafted with premium 100% cotton for a soft feel against your skin. Get the perfect combination of style and comfort.
Set consists of
1 Bath towel
2 Hand towels"
Paradise - Towel Set,White,2395.0,paradise-towel-set,46634747429155,True,672b9751155c8,https://hebalinens.com/products/paradise-towel-set,2026/02/01 03:58:11 PM,"Indulge in the soft luxurious feel of Paradise towels! Made from premium cotton and embroidered with an eye-catching garden-inspired design, these beautiful towels are perfect for both everyday use and special occasions. Step into luxurious comfort and add a touch of paradise to your bathroom.
Set consists of
1 Bath towel
2 Hand towels"
Catina - Towel Set,Cream,1995.0,catina-towel-set,46972020850979,True,672b945ae006a,https://hebalinens.com/products/catina-towel-set,2026/02/01 03:58:12 PM,"Experience the unique culture of Catina with this luxurious towel set! Crafted from 100% cotton terry, these towels are exceptionally soft and absorbent – perfect for use in the bath, kitchen, or beach. Experience luxury and comfort with Catina.
Set consists of
1 Bath towel
2 Hand towels"
Catina - Towel Set,White,1995.0,catina-towel-set,46972020949283,True,672b945b977f6,https://hebalinens.com/products/catina-towel-set,2026/02/01 03:58:12 PM,"Experience the unique culture of Catina with this luxurious towel set! Crafted from 100% cotton terry, these towels are exceptionally soft and absorbent – perfect for use in the bath, kitchen, or beach. Experience luxury and comfort with Catina.
Set consists of
1 Bath towel
2 Hand towels"
Atraction - Pouch,Grey / 14 L X 18 W,495.0,atraction-pouch,54675384008995,True,,https://hebalinens.com/products/atraction-pouch,2026/02/01 03:58:14 PM,"This charming Pouch instantly adds a touch of style to your look! With its cute embroidered pattern, this pouch is perfect for carrying your everyday essentials while still looking stylish. A must-have for any fashion enthusiast!"
Boxer Underwear bag,White / 60 L X 40 W,395.0,boxer-underwear-bag,46353713201443,True,672b944ebfea1,https://hebalinens.com/products/boxer-underwear-bag,2026/02/01 03:58:15 PM,Make your travels stylish and hassle-free with the Boxer Underwear bag!
Baby animals - Swaddle Towel sets,White,995.0,baby-animals-swaddle-towel-sets,46383232647459,False,672b9440b0b7a,https://hebalinens.com/products/baby-animals-swaddle-towel-sets,2026/02/01 03:58:17 PM,"Soft and cuddly, this baby swaddle towel set will delight both your little one and you. Made with 100% cotton for superior absorbency, its adorable baby animal design will make your little one feel snug and secure. Perfect for bath time.
Material: 100% cotton
Set consists of:
1 swaddle towel with hoodie size 100cm x 100cm
1 towel size 50cm width x 70cm length"
Baby animals - Swaddle Towel sets,Cream,995.0,baby-animals-swaddle-towel-sets,46383232712995,True,672b943fe31db,https://hebalinens.com/products/baby-animals-swaddle-towel-sets,2026/02/01 03:58:17 PM,"Soft and cuddly, this baby swaddle towel set will delight both your little one and you. Made with 100% cotton for superior absorbency, its adorable baby animal design will make your little one feel snug and secure. Perfect for bath time.
Material: 100% cotton
Set consists of:
1 swaddle towel with hoodie size 100cm x 100cm
1 towel size 50cm width x 70cm length"
Calligraphy - Guest Towel Set,White,495.0,calligraphy-guest-set,46635670307107,False,672b9454bc781,https://hebalinens.com/products/calligraphy-guest-set,2026/02/01 03:58:18 PM,"Elevate your home decor with this elegant guest set. Our luxurious, 100% cotton face towels are intricately embroidered with the beautiful lyrics of Om Kolthoum. Enhance your guests' experience with this exquisite piece!
Set consists of:
3facetowels"
Butterflies - Table Cloth,2.75 L x 1.8 W  with 8 Napkin / Cream,6245.0,table-cloth-batterflies,46344867905827,True,672b9451e57ce,https://hebalinens.com/products/table-cloth-batterflies,2026/02/01 03:58:20 PM,"Brighten up your dining experience with the eye-catching Butterflies Table Cloth! With its captivating gold butterflies design, this table cloth will add a unique, stylish touch to your home decor."
Butterflies - Table Cloth,3.25 L x 1.8 W with 10 Napkin / Cream,7495.0,table-cloth-batterflies,46344867971363,False,672b9452b1858,https://hebalinens.com/products/table-cloth-batterflies,2026/02/01 03:58:20 PM,"Brighten up your dining experience with the eye-catching Butterflies Table Cloth! With its captivating gold butterflies design, this table cloth will add a unique, stylish touch to your home decor."
Branches Placemat,White,150.0,branches-placemat-set,46972723527971,True,672b944fe497a,https://hebalinens.com/products/branches-placemat-set,2026/02/01 03:58:21 PM,
Ballerina - Bath robe,4 years to 6 years / White,645.0,ballerina-bath-robe,46381868187939,True,672b943feffbe,https://hebalinens.com/products/ballerina-bath-robe,2026/02/01 03:58:23 PM,"Introducing Ballerina, the perfect 100% cotton bath robe for any young child. Made with comfort and luxury in mind, Ballerina is sure to make your little one feel like a real ballerina, inspiring them to dance, twirl, and enjoy the everyday!"
Ballerina - Bath robe,6 years to 8 years / White,945.0,ballerina-bath-robe,46381868253475,False,672b9440ad92d,https://hebalinens.com/products/ballerina-bath-robe,2026/02/01 03:58:23 PM,"Introducing Ballerina, the perfect 100% cotton bath robe for any young child. Made with comfort and luxury in mind, Ballerina is sure to make your little one feel like a real ballerina, inspiring them to dance, twirl, and enjoy the everyday!"
Stone - Towel Set,White,1995.0,stone-towel-set-3pcs,45689367494947,False,672b97845fb7e,https://hebalinens.com/products/stone-towel-set-3pcs,2026/02/01 03:58:24 PM,"Add a modern touch with this beautiful Stone - Towel Set. Top-of-the-line cotton towels embroidered with eye-catching geometric patterns. Durable and soft, these towels will keep you comfortable while elevating your home's style.
Set consists of
1 Bath towel
2 Hand towels"
Stone - Towel Set,Silver,1995.0,stone-towel-set-3pcs,45704144355619,False,672b9783ab949,https://hebalinens.com/products/stone-towel-set-3pcs,2026/02/01 03:58:24 PM,"Add a modern touch with this beautiful Stone - Towel Set. Top-of-the-line cotton towels embroidered with eye-catching geometric patterns. Durable and soft, these towels will keep you comfortable while elevating your home's style.
Set consists of
1 Bath towel
2 Hand towels"
Catina - Duvet Set,King / Cream,7995.0,catina-duvet-set,46971939029283,True,672b94599c9ab,https://hebalinens.com/products/catina-duvet-set,2026/02/01 03:58:27 PM,"Snuggle up in luxury with Catina's Duvet Set. Our Catina bedding is crafted with 100% Fine Egyptian Giza Cotton Percale for a silky-soft feel that will make you drift off into a peaceful sleep. Experience heavenly comfort with Catina's 200 TC fabric and make your bedroom a relaxing haven.
Set consists of:
1 embroidered duvet cover
2 embroidered pillow cases
2 plain pillow cases
1 flat sheet"
Catina - Duvet Set,King / White,7995.0,catina-duvet-set,46971939127587,False,672b945a57afe,https://hebalinens.com/products/catina-duvet-set,2026/02/01 03:58:27 PM,"Snuggle up in luxury with Catina's Duvet Set. Our Catina bedding is crafted with 100% Fine Egyptian Giza Cotton Percale for a silky-soft feel that will make you drift off into a peaceful sleep. Experience heavenly comfort with Catina's 200 TC fabric and make your bedroom a relaxing haven.
Set consists of:
1 embroidered duvet cover
2 embroidered pillow cases
2 plain pillow cases
1 flat sheet"
Croisee - Sheet Set,White*Khaki / King,6495.0,croisee-sheet-set,46971874017571,True,672b958a6da2a,https://hebalinens.com/products/croisee-sheet-set,2026/02/01 03:58:28 PM,"Discover the luxury and comfort of the Croisee Sheet Set! Crafted with 100% fine Egyptian Giza Cotton Satin 600 TC, it provides superior breathability and softness with an irresistibly smooth feel. Add an exquisite touch to your bedding experience and enjoy a perfect night's sleep!
Set consists of:
1 embroidered top sheet
2 embroidered pillow cases
2 plain pillow cases
1 flat sheet"
Croisee - Sheet Set,White*petroleum / King,6495.0,croisee-sheet-set,47005579870499,True,672b958b35baf,https://hebalinens.com/products/croisee-sheet-set,2026/02/01 03:58:28 PM,"Discover the luxury and comfort of the Croisee Sheet Set! Crafted with 100% fine Egyptian Giza Cotton Satin 600 TC, it provides superior breathability and softness with an irresistibly smooth feel. Add an exquisite touch to your bedding experience and enjoy a perfect night's sleep!
Set consists of:
1 embroidered top sheet
2 embroidered pillow cases
2 plain pillow cases
1 flat sheet"
Calligraphy - Sheet set,King / White,11495.0,calligraphy-sheet-set,46336763724067,False,672b9454d28d8,https://hebalinens.com/products/calligraphy-sheet-set,2026/02/01 03:58:30 PM,"Feel inspired with our luxurious Calligraphy Sheet set, crafted with 100% fine Egyptian Giza Cotton and 600TC Satin. The beautiful lyrics serve as a tribute to Om Kolthoum, creating a wonderful atmosphere as you drift off to sleep. Quality bedding for truly exceptional nights!
Set consists of:
1 embroidered top sheet
2 embroidered pillow cases
2 plain pillow cases
1 flat sheet"
Calligraphy - Kaftan,Cream,5995.0,calligraphy-kaftan,53340132475171,True,672b959649f5a,https://hebalinens.com/products/calligraphy-kaftan,2026/02/01 03:58:31 PM,"Experience the beauty of calligraphy with our Kaftan! Made with 100% cotton, this kaftan features a traditional calligraphy design. Stay comfortable and stylish with this unique garment."
Colon Underwear bag,White / 60 L X 40 W,395.0,colon-underwear-bag,46881117896995,True,672b958895303,https://hebalinens.com/products/colon-underwear-bag,2026/02/01 03:58:33 PM,
Cover Quran,Default Title,0.0,cover-quran,54675642548515,False,,https://hebalinens.com/products/cover-quran,2026/02/01 03:58:35 PM,
Cherry - Table Cloth,2.75 L x 1.8 W  with 8 Napkin / White,16295.0,table-cloth-cherry,46344833761571,False,672b945be09d6,https://hebalinens.com/products/table-cloth-cherry,2026/02/01 03:58:36 PM,"Elevate your dining experience with the Cherry - Table Cloth! Adorned with elegant little flowers, this premium 100% linen table cloth will bring beauty and grace to any setting. Enjoy a luxurious table presentation that will impress your guests!"
Cherry - Table Cloth,2.75 L x 1.8 W  with 8 Napkin / Cream,16295.0,table-cloth-cherry,46344833794339,True,672b945b1cd25,https://hebalinens.com/products/table-cloth-cherry,2026/02/01 03:58:36 PM,"Elevate your dining experience with the Cherry - Table Cloth! Adorned with elegant little flowers, this premium 100% linen table cloth will bring beauty and grace to any setting. Enjoy a luxurious table presentation that will impress your guests!"
Cherry - Table Cloth,3.25 L x 1.8 W with 10 Napkin / White,19495.0,table-cloth-cherry,46344833827107,True,672b945d58e02,https://hebalinens.com/products/table-cloth-cherry,2026/02/01 03:58:36 PM,"Elevate your dining experience with the Cherry - Table Cloth! Adorned with elegant little flowers, this premium 100% linen table cloth will bring beauty and grace to any setting. Enjoy a luxurious table presentation that will impress your guests!"
Cherry - Table Cloth,3.25 L x 1.8 W with 10 Napkin / Cream,19495.0,table-cloth-cherry,46344833859875,True,672b945ca81af,https://hebalinens.com/products/table-cloth-cherry,2026/02/01 03:58:36 PM,"Elevate your dining experience with the Cherry - Table Cloth! Adorned with elegant little flowers, this premium 100% linen table cloth will bring beauty and grace to any setting. Enjoy a luxurious table presentation that will impress your guests!"
Calligraphy - Towel Set,White,2195.0,calligraphy-towel-set,46635648418083,False,672b9457c9bbf,https://hebalinens.com/products/calligraphy-towel-set,2026/02/01 03:58:38 PM,"Express your unique style with these 100% cotton towels, embroidered with the lyrics of the iconic Om Kolthoum. Soft and absorbent, this set makes a luxurious addition to your home and an unforgettable gift for loved ones. Embrace culture and beauty with this beautiful Calligraphy Towel Set!
Set consists of
1 Bath towel
2 Hand towels"
Croisee - Duvet Set,White*Khaki / King,8495.0,croisee-duvet-set,46971842167075,True,672b958923c75,https://hebalinens.com/products/croisee-duvet-set,2026/02/01 03:58:39 PM,"Sleep in luxurious comfort with Croisee's Duvet Set. Crafted from the finest Egyptian Giza Cotton Percale 200 TC and designed with croisse patterning, you'll drift off into a blissful sleep. Enjoy a restful night and wake up feeling refreshed and energized!
Set consists of:
1 embroidered duvet cover
2 embroidered pillow cases
2 plain pillow cases
1 flat sheet"
Croisee - Duvet Set,White*Petroleum / King,8495.0,croisee-duvet-set,47005582819619,True,672b9589ef7af,https://hebalinens.com/products/croisee-duvet-set,2026/02/01 03:58:39 PM,"Sleep in luxurious comfort with Croisee's Duvet Set. Crafted from the finest Egyptian Giza Cotton Percale 200 TC and designed with croisse patterning, you'll drift off into a blissful sleep. Enjoy a restful night and wake up feeling refreshed and energized!
Set consists of:
1 embroidered duvet cover
2 embroidered pillow cases
2 plain pillow cases
1 flat sheet"
Catina - Bath Mat Set,Cream,3995.0,catina-bath-mat-set,46971998798115,False,672b94598cf7b,https://hebalinens.com/products/catina-bath-mat-set,2026/02/01 03:58:41 PM,"Experience a sumptuous bathing experience every time you step on the Catina Bath Mat Set. Crafted from 100% cotton terry towel, this luxe set is sure to add a touch of vibrant culture to your bathroom. Indulge in the soft, absorbent feel and make each bath positively luxurious.
Set consists of:
2 rectangular bathmats
2 rounded side bathmats"
Catina - Bath Mat Set,White,3995.0,catina-bath-mat-set,46971998896419,False,672b945a409ed,https://hebalinens.com/products/catina-bath-mat-set,2026/02/01 03:58:41 PM,"Experience a sumptuous bathing experience every time you step on the Catina Bath Mat Set. Crafted from 100% cotton terry towel, this luxe set is sure to add a touch of vibrant culture to your bathroom. Indulge in the soft, absorbent feel and make each bath positively luxurious.
Set consists of:
2 rectangular bathmats
2 rounded side bathmats"
Catina - Sheet Set,King / Cream,6295.0,catina-sheet-set,46971974746403,True,672b945aeb17e,https://hebalinens.com/products/catina-sheet-set,2026/02/01 03:58:42 PM,"Step into luxury with Catina - the unique, culture-infused bedding! Crafted using only the softest 100% Fine Egyptian Giza Cotton Percale with 200 TC, this sheet set will make every night feel like a dream. Enjoy a touch of class with Catina!
Set consists of:
1 embroidered top sheet
2 embroidered pillow cases
2 plain pillow cases
1 flat sheet"
Catina - Sheet Set,King / White,6295.0,catina-sheet-set,46971974811939,True,672b945ba9bdf,https://hebalinens.com/products/catina-sheet-set,2026/02/01 03:58:42 PM,"Step into luxury with Catina - the unique, culture-infused bedding! Crafted using only the softest 100% Fine Egyptian Giza Cotton Percale with 200 TC, this sheet set will make every night feel like a dream. Enjoy a touch of class with Catina!
Set consists of:
1 embroidered top sheet
2 embroidered pillow cases
2 plain pillow cases
1 flat sheet"
Croisse - Guest Towel Set,White x Khaki,495.0,croisse-guest-towel-set,47067711897891,True,672b958d77fde,https://hebalinens.com/products/croisse-guest-towel-set,2026/02/01 03:58:45 PM,"Dive deep into luxury with the Croisse Guest Towel Set! Crafted with 100% cotton terry cloth, these towels bring a touch of culture to your bath. Pamper guests with the exemplary softness and absorbency of this high-quality set. Enjoy a luxurious spa experience at home!

Guest Towel Set consists of:
3face towels"
Croisse - Guest Towel Set,White x Petroleum,495.0,croisse-guest-towel-set,47067711930659,False,672b958e3d5a7,https://hebalinens.com/products/croisse-guest-towel-set,2026/02/01 03:58:45 PM,"Dive deep into luxury with the Croisse Guest Towel Set! Crafted with 100% cotton terry cloth, these towels bring a touch of culture to your bath. Pamper guests with the exemplary softness and absorbency of this high-quality set. Enjoy a luxurious spa experience at home!

Guest Towel Set consists of:
3face towels"
Croisse - Towel Set,White*Khaki,2195.0,croisse-towel-set,46867856458019,True,672b959075460,https://hebalinens.com/products/croisse-towel-set,2026/02/01 03:58:47 PM,"Soft and luxurious, the Croisse Towel Set is crafted with 100% cotton for a plush feel. Perfect for a spa-like experience, the set is finished with minimal embroidery for a touch of sophistication. Enjoy a luxurious bath time with this delightful towel set.
Set consists of
1 Bath towel
2 Hand towels"
Croisse - Towel Set,White*Petroleum,2195.0,croisse-towel-set,46867856687395,True,672b95914201d,https://hebalinens.com/products/croisse-towel-set,2026/02/01 03:58:47 PM,"Soft and luxurious, the Croisse Towel Set is crafted with 100% cotton for a plush feel. Perfect for a spa-like experience, the set is finished with minimal embroidery for a touch of sophistication. Enjoy a luxurious bath time with this delightful towel set.
Set consists of
1 Bath towel
2 Hand towels"
Effect - Bath robe,White / Fits up to large,3245.0,effect-bath-robe,47068001403171,False,672b959a18e11,https://hebalinens.com/products/effect-bath-robe,2026/02/01 03:58:48 PM,"Luxury and comfort combine in Effect bath robe made with plush 100% cotton terry towels. Wrap yourself in cozy warmth after a relaxing bath or shower. Indulge yourself with softness and style. Enjoy the luxury!
"
Effect - Bath robe,Cream / Fits up to large,3245.0,effect-bath-robe,47068001435939,True,672b95995a516,https://hebalinens.com/products/effect-bath-robe,2026/02/01 03:58:48 PM,"Luxury and comfort combine in Effect bath robe made with plush 100% cotton terry towels. Wrap yourself in cozy warmth after a relaxing bath or shower. Indulge yourself with softness and style. Enjoy the luxury!
"
Effect - Slipper,White,395.0,effect-slippers,46871250960675,False,672b959e6c198,https://hebalinens.com/products/effect-slippers,2026/02/01 03:58:50 PM,"Treat your feet to luxurious comfort with our Effect Slippers. Crafted in 100% cotton terry towel, these slippers are ultra-soft and perfect for after-bath relaxation. Experience the cozy feeling of relaxation every day!"
Effect - Slipper,Cream,395.0,effect-slippers,46871251026211,True,672b959da017d,https://hebalinens.com/products/effect-slippers,2026/02/01 03:58:50 PM,"Treat your feet to luxurious comfort with our Effect Slippers. Crafted in 100% cotton terry towel, these slippers are ultra-soft and perfect for after-bath relaxation. Experience the cozy feeling of relaxation every day!"
Effect - Duvet set,King / White,13995.0,effect-duvet-set,46329345900835,False,672b959aa4c2e,https://hebalinens.com/products/effect-duvet-set,2026/02/01 03:58:51 PM,"Experience luxury and comfort in your sleep with the Effect Duvet set! Crafted with 100% fine Egyptian Giza cotton 600TC, this minimalistic set will provide a soothing night's rest. Lose yourself in softness and sophistication, and wake up feeling refreshed and relaxed.
Set consists of:
1 embroidered duvet cover
2 embroidered pillow cases
2 plain pillow cases
1 flat sheet"
Effect - Duvet set,King / Silver,13995.0,effect-duvet-set,46339610738979,False,672b9599ded1c,https://hebalinens.com/products/effect-duvet-set,2026/02/01 03:58:51 PM,"Experience luxury and comfort in your sleep with the Effect Duvet set! Crafted with 100% fine Egyptian Giza cotton 600TC, this minimalistic set will provide a soothing night's rest. Lose yourself in softness and sophistication, and wake up feeling refreshed and relaxed.
Set consists of:
1 embroidered duvet cover
2 embroidered pillow cases
2 plain pillow cases
1 flat sheet"
Effect - Bath Mat Set,White,3995.0,effect-bathmat-set,46336987463971,True,672b95972def1,https://hebalinens.com/products/effect-bathmat-set,2026/02/01 03:58:53 PM,"Featuring minimalistic small crosses, this set is crafted from 100% cotton towels with soft padding for long-lasting comfort. Refresh your bathroom with this unique, eye-catching design and enjoy the sumptuous softness under your feet!
Set consists of:
2 rectangular bathmats
2 rounded side bathmats
"
Effect - Bath Mat Set,Silver,3995.0,effect-bathmat-set,46339612377379,True,672b9596703af,https://hebalinens.com/products/effect-bathmat-set,2026/02/01 03:58:53 PM,"Featuring minimalistic small crosses, this set is crafted from 100% cotton towels with soft padding for long-lasting comfort. Refresh your bathroom with this unique, eye-catching design and enjoy the sumptuous softness under your feet!
Set consists of:
2 rectangular bathmats
2 rounded side bathmats
"
Effect - Sheet set,King / White,10995.0,effect-sheet-set,46329358319907,False,672b959d292ea,https://hebalinens.com/products/effect-sheet-set,2026/02/01 03:58:54 PM,"Experience unparalleled comfort with the Effect Sheet Set. Crafted with 100% fine Egyptian Giza cotton 600TC for an ultra-soft and luxurious feel, its minimalistic modern design adds a touch of refined elegance to your bedroom décor. Create the perfect sleeping space!
Set consists of:
1 embroidered top sheet
2 embroidered pillow cases
2 plain pillow cases
1 flat sheet"
Effect - Sheet set,King / Silver,10995.0,effect-sheet-set,46339606446371,True,672b959c6d0fd,https://hebalinens.com/products/effect-sheet-set,2026/02/01 03:58:54 PM,"Experience unparalleled comfort with the Effect Sheet Set. Crafted with 100% fine Egyptian Giza cotton 600TC for an ultra-soft and luxurious feel, its minimalistic modern design adds a touch of refined elegance to your bedroom décor. Create the perfect sleeping space!
Set consists of:
1 embroidered top sheet
2 embroidered pillow cases
2 plain pillow cases
1 flat sheet"
Darawesh - Kaftan,Cream,3495.0,darawesh-kaftan,46881198375203,True,672b959649f5a,https://hebalinens.com/products/darawesh-kaftan,2026/02/01 03:58:56 PM,"Discover the unique beauty of Darawesh with this stunning kaftan! With the highest quality Cotton, the traditional look expresses an authentic and local heritage that is centuries old. Experience the wonder of Darawesh with every wear!"
Croisse - Bath Mat Set,White*Khaki,4295.0,croisse-bath-mat-set,46867849150755,True,672b958a677f9,https://hebalinens.com/products/croisse-bath-mat-set,2026/02/01 03:58:57 PM,"Experience luxury and comfort with Croisse's Bath Mat Set. These soft and absorbent 100% cotton mats provide a spa-like experience. With a lightly padded layer and stylish minimalistic embroidery, you'll enjoy a cozy, clean, and calming bathroom retreat.
Set consists of:
2 rectangular bathmats
2 rounded side bathmats"
Croisse - Bath Mat Set,White*Petroleum,4295.0,croisse-bath-mat-set,46867849183523,True,672b958b292d6,https://hebalinens.com/products/croisse-bath-mat-set,2026/02/01 03:58:57 PM,"Experience luxury and comfort with Croisse's Bath Mat Set. These soft and absorbent 100% cotton mats provide a spa-like experience. With a lightly padded layer and stylish minimalistic embroidery, you'll enjoy a cozy, clean, and calming bathroom retreat.
Set consists of:
2 rectangular bathmats
2 rounded side bathmats"
Effect - Guest Towel Set,White,450.0,effect-guest-towel-set,47067720089891,True,672b959b6665c,https://hebalinens.com/products/effect-guest-towel-set,2026/02/01 03:58:59 PM,"This beautiful guest towel set is the perfect bath accessory to take your space to the next level. Crafted from 100% cotton, Effect provides a luxurious, contemporary feel to your space. Pamper your guests with the ultimate softness and sophistication. Make a statement with Effect today!

Guest Towels Set consists of:
3face towels"
Effect - Guest Towel Set,Silver,450.0,effect-guest-towel-set,47067720122659,False,672b959aa1102,https://hebalinens.com/products/effect-guest-towel-set,2026/02/01 03:58:59 PM,"This beautiful guest towel set is the perfect bath accessory to take your space to the next level. Crafted from 100% cotton, Effect provides a luxurious, contemporary feel to your space. Pamper your guests with the ultimate softness and sophistication. Make a statement with Effect today!

Guest Towels Set consists of:
3face towels"
Esprit - Bath Mat Set,White,2395.0,esprit-bathmat-set-2pcs,45685095366947,True,672b959f6f180,https://hebalinens.com/products/esprit-bathmat-set-2pcs,2026/02/01 03:59:00 PM,"Experience luxury and comfort with the Esprit bathmat set. Its unique design, with shades of green leaves, will bring a touch of greenery into your bathroom. Crafted from soft cotton towel and with padded backing, it ensures the highest level of comfort for your feet. Enjoy spa-like indulgence in the comfort of your own home!
Set consists of:
2 rectangular bathmats
"
Effect - Towel Set,White,1995.0,effect-towel-set,46336937394467,True,672b959fa9cfc,https://hebalinens.com/products/effect-towel-set,2026/02/01 03:59:02 PM,"Experience the modern sophistication of Effect Towel Set. Our minimalistic design is crafted with 100% cotton, perfect for dry comfort and luxuriously soft touch. Refresh your bathroom with our towel set and feel the difference!
Set consists of
1 Bath towel
2 Hand towels"
Effect - Towel Set,Silver,1995.0,effect-towel-set,46339606085923,True,672b959ef2973,https://hebalinens.com/products/effect-towel-set,2026/02/01 03:59:02 PM,"Experience the modern sophistication of Effect Towel Set. Our minimalistic design is crafted with 100% cotton, perfect for dry comfort and luxuriously soft touch. Refresh your bathroom with our towel set and feel the difference!
Set consists of
1 Bath towel
2 Hand towels"
Feather - Bath Mat Set,White x Khaki,2395.0,feather-bath-mat-set,46636062179619,True,672b95cf40c02,https://hebalinens.com/products/feather-bath-mat-set,2026/02/01 03:59:05 PM,"Give your bathroom a boho chic look with Feather - Bath Mat Set. Our soft, cotton mats are padded for maximum comfort and feature beautiful embroidered feathers that will bring a touch of elegance to every step.
Set consists of:
2 rectangular bath mats"
Feather - Bath Mat Set,Cream x Khaki,2395.0,feather-bath-mat-set,51112373911843,False,,https://hebalinens.com/products/feather-bath-mat-set,2026/02/01 03:59:05 PM,"Give your bathroom a boho chic look with Feather - Bath Mat Set. Our soft, cotton mats are padded for maximum comfort and feature beautiful embroidered feathers that will bring a touch of elegance to every step.
Set consists of:
2 rectangular bath mats"
Esprit - Duvet set,White / King,5695.0,esprit,45665169244451,True,672b959f836c5,https://hebalinens.com/products/esprit,2026/02/01 03:59:06 PM,"Wrapped in Esprit duvet set, you'll be enveloped in the beauty of nature. Its design features beautiful leaves in shades of green, providing a calming and relaxing atmosphere in your bedroom.
Set consists of:
1 embroidered duvet cover
2 embroidered pillow cases
2 plain pillow cases
1 flat sheet"
Esprit - Sheet set,White / King,4495.0,esprit-sheet-set-6pcs,45666312814883,True,672b95a00dcda,https://hebalinens.com/products/esprit-sheet-set-6pcs,2026/02/01 03:59:08 PM,"Fall into sweet dreams surrounded by the Esprit Sheet Set. Crafted with a design inspired by nature, the Esprit features lush leaves in shades of green that will bring a tranquil springtime feel into your bedroom. Enjoy a serene and peaceful sleep each night!
Set consists of:
1 embroidered top sheet
2 embroidered pillow cases
2 plain pillow cases
1 flat sheet"
Farashat - Duvet set,White / King,6995.0,farashat,45343690948899,True,672b95ca7fb79,https://hebalinens.com/products/farashat,2026/02/01 03:59:10 PM,"Dreamy and sweet, the Farashat Duvet Set features beautiful golden butterflies on soft 100% cotton fabric. Enjoy a restful sleep surrounded by the exquisitely detailed butterflies and feel pampered by the breathable and comfortable fabric.
Set consists of:
1 embroidered duvet cover
2 embroidered pillow cases
2 plain pillow cases
1 flat sheet"
Farashat - Duvet set,Cream / King,6995.0,farashat,45343690981667,True,672b95c9c29b2,https://hebalinens.com/products/farashat,2026/02/01 03:59:10 PM,"Dreamy and sweet, the Farashat Duvet Set features beautiful golden butterflies on soft 100% cotton fabric. Enjoy a restful sleep surrounded by the exquisitely detailed butterflies and feel pampered by the breathable and comfortable fabric.
Set consists of:
1 embroidered duvet cover
2 embroidered pillow cases
2 plain pillow cases
1 flat sheet"
Feather - Guest Towel Set,White x Khaki,480.0,feather-guest-set,46636111298851,False,672b95d20c168,https://hebalinens.com/products/feather-guest-set,2026/02/01 03:59:11 PM,"Introducing the Feather - Guest Set - cotton face towels embroidered with beautiful boho chic feathers. Feel the softness, elegance, and luxury of these stunning towels. Perfect for your guests and sure to create a lasting impression!
Set consists of:
3face towels"
Esprit - Guest Towel Set,White,480.0,esprit-guest-towel-set,47052809601315,True,672b95a0e113a,https://hebalinens.com/products/esprit-guest-towel-set,2026/02/01 03:59:13 PM,"Experience luxury with Esprit's plush guest towel set. Made with 100% cotton terry, these soft and comfortable towels are perfect for everyday use. Pamper your guests while adding an elegant touch to any bathroom decor.

Guest Towel Set consists of:
3face towels"
Farashat - Sheet set,White / King,5495.0,farashat-sheet-6pcs,45686354379043,True,672b95ce0ae57,https://hebalinens.com/products/farashat-sheet-6pcs,2026/02/01 03:59:14 PM,"Add a touch of elegance to your bedroom with the Farashat sheet set, featuring delicate golden butterflies embroidered on cotton fabric. This set will help you drift off to a blissful sleep every night.
Set consists of:
1 embroidered top sheet
2 embroidered pillow cases
2 plain pillow cases
1 flat sheet"
Farashat - Sheet set,Cream / King,5495.0,farashat-sheet-6pcs,45686354411811,True,672b95cd26f79,https://hebalinens.com/products/farashat-sheet-6pcs,2026/02/01 03:59:14 PM,"Add a touch of elegance to your bedroom with the Farashat sheet set, featuring delicate golden butterflies embroidered on cotton fabric. This set will help you drift off to a blissful sleep every night.
Set consists of:
1 embroidered top sheet
2 embroidered pillow cases
2 plain pillow cases
1 flat sheet"
Farashat - Guest Towel Set,White,480.0,farashat-guest-towel-set,47052814745891,True,672b95cb63556,https://hebalinens.com/products/farashat-guest-towel-set,2026/02/01 03:59:16 PM,"Introducing Farashat's luxurious guest towel set. This collection of terry towels is made of 100% cotton for ultimate softness and comfort. Wrap yourself in its goodness and feel the coziness with every touch of these sumptuous towels. Experience the luxury of Farashat today.

Guest Towel Set consists of:
3face towels"
Farashat - Guest Towel Set,Cream,480.0,farashat-guest-towel-set,47067664351523,True,672b95ca8f539,https://hebalinens.com/products/farashat-guest-towel-set,2026/02/01 03:59:16 PM,"Introducing Farashat's luxurious guest towel set. This collection of terry towels is made of 100% cotton for ultimate softness and comfort. Wrap yourself in its goodness and feel the coziness with every touch of these sumptuous towels. Experience the luxury of Farashat today.

Guest Towel Set consists of:
3face towels"
Farashat - Towel Set,White,1795.0,farashat-towels-set-3pcs,45686430630179,False,672b95cedc178,https://hebalinens.com/products/farashat-towels-set-3pcs,2026/02/01 03:59:17 PM,"Wrap yourself in luxury with Farashat's exquisite towel set! Made with 100% cotton, each towel in this sumptuous set features beautiful golden butterfly embroidery. Soft yet absorbent, these towels will bring an air of sophistication to your home.
Set consists of
1 Bath towel
2 Hand towels"
Farashat - Towel Set,Cream,1795.0,farashat-towels-set-3pcs,45686430662947,True,672b95ce287db,https://hebalinens.com/products/farashat-towels-set-3pcs,2026/02/01 03:59:17 PM,"Wrap yourself in luxury with Farashat's exquisite towel set! Made with 100% cotton, each towel in this sumptuous set features beautiful golden butterfly embroidery. Soft yet absorbent, these towels will bring an air of sophistication to your home.
Set consists of
1 Bath towel
2 Hand towels"
Feather - Duvet Set,King / White x Khaki,6995.0,feather-duvet-set,46635995726115,True,672b95cfea410,https://hebalinens.com/products/feather-duvet-set,2026/02/01 03:59:19 PM,"Experience comfort with our Feather Duvet Set: breathable cotton, delicately embroidered with boho chic feathers. Drift off to dreamland in style and comfort for a blissful night of sleep.
Set consists of:
1 embroidered duvet cover
2 embroidered pillow cases
2 plain pillow cases
1 flat sheet"
Feather - Duvet Set,King / Cream x Khaki,6995.0,feather-duvet-set,51475849150755,True,,https://hebalinens.com/products/feather-duvet-set,2026/02/01 03:59:19 PM,"Experience comfort with our Feather Duvet Set: breathable cotton, delicately embroidered with boho chic feathers. Drift off to dreamland in style and comfort for a blissful night of sleep.
Set consists of:
1 embroidered duvet cover
2 embroidered pillow cases
2 plain pillow cases
1 flat sheet"
